OsID,OsGene
LOC_Os12g37280,BPH26|BPH18 
LOC_Os07g46460,ABC1|OsFd-GOGAT 
LOC_Os07g39750,AChE 
LOC_Os04g33860,ACL1 
LOC_Os02g33330,ACL2 
LOC_Os03g29980,ACR7 
LOC_Os04g01690,ADCa|OsAdc2 
LOC_Os11g10480,Adh1 
LOC_Os12g13380,Adk-a 
LOC_Os11g20790,Adk-b 
LOC_Os02g47970,ADL1|OsDEK1 
LOC_Os07g28850,AGO18|OsAGO18 
LOC_Os06g08290,AID1 
LOC_Os05g41220,akin-b|akin-beta 
LOC_Os01g62870,AKR4C14|OsI_04428 
LOC_Os01g28474,AL1 
LOC_Os09g19850,AL2 
LOC_Os08g37890,AL8|RAE2|GAD1 
LOC_Os10g25130,AlaAT|OsAlaAT1 
LOC_Os02g49720,ALDH2a|OsALDH2B5 
LOC_Os06g12450,ALK|SSIIa 
LOC_Os01g14950,alpha1a 
LOC_Os05g06350,alpha1b 
LOC_Os01g06470,alpha2 
LOC_Os08g36910,alphaAmy3|OsAmy3D|RAmy3D 
LOC_Os01g48380,ALS3 
LOC_Os01g57110,ALT1 
LOC_Os07g01760,ALT-2 
LOC_Os04g58620,AM1 
LOC_Os02g52710,AmyI-1|RAmy1A 
LOC_Os04g28280,An-1 
LOC_Os04g51150,AOX1a|OsAOX1a 
LOC_Os01g58420,AP37|OsERF3 
LOC_Os02g43790,AP59|OsBIERF3|OsAP59 
LOC_Os05g04740,APG|OsPIL16 
LOC_Os02g09060,APIP10 
LOC_Os06g50310,APIP5|OsbZIP53 
LOC_Os05g06270,APIP6 
LOC_Os06g45460,APO1|OsAPO1|SCM2 
LOC_Os02g43970,ARAG1 
LOC_Os02g41800,ARF8 
LOC_Os12g07280,ART1 
LOC_Os11g13890,ASCAB9-A|CP26|Lhcb5 
LOC_Os01g48690,ASL1 
LOC_Os02g15900,ASL2 
LOC_Os01g15020,ASPR1|OsTPR1 
LOC_Os03g14980,ASPR2|OsTPR2 
LOC_Os01g72900,Asr1 
LOC_Os01g72910,Asr2 
LOC_Os02g33820,Asr3|OsASR3 
LOC_Os04g34600,Asr4 
LOC_Os11g06720,ASR5|OsAsr1 
LOC_Os01g73250,Asr6 
LOC_Os03g44200,ATG6B 
LOC_Os03g15290,ATG6C 
LOC_Os04g39020,BAD1|OsBADH1 
LOC_Os02g33450,BAS1|OsTPX 
LOC_Os10g02620,BBR 
LOC_Os03g30250,BC1 
LOC_Os05g07790,BC10|FC116 
LOC_Os09g02650,BC12 
LOC_Os09g32080,bc15|OsCTL1 
LOC_Os02g50550,BC3|OsDRP2B 
LOC_Os09g25490,Bc6|OsCesA9 
LOC_Os06g51084,BEI|SBE1 
LOC_Os03g55240,bel|CYP81A6|bsl 
LOC_Os04g40140,BET1 
LOC_Os02g09750,beta-OsLCY 
LOC_Os03g07920,BG1 
LOC_Os04g38660,Bh4 
LOC_Os04g01950,BLEC-Str8 
LOC_Os02g56610,BLS1|BSG1|OsG1L6|TH1|AFD1 
LOC_Os01g08020,BOR2 
LOC_Os03g63150,Bph14 
LOC_Os06g01860,BPH29 
LOC_Os06g03240,Bph32 
LOC_Os06g29730,Bphi008a 
LOC_Os10g25780,brd2|DIM|DWF1|LHDD10 
LOC_Os08g08220,BRHIS1 
LOC_Os07g32480,BRK1 
LOC_Os09g36320,BSR1 
LOC_Os09g09370,BTBN18 
LOC_Os06g12210,BU1 
LOC_Os01g68860,C3H12 
LOC_Os01g41710,CAB2R 
LOC_Os10g31460,CAI1 
LOC_Os02g04840,CAP1 
LOC_Os06g33690,CAPIP1 
LOC_Os06g46950,CCD1 
LOC_Os01g12890,CCP1|DFO1|EMF1 
LOC_Os03g02680,cdc2Os-1|CDKA1 
LOC_Os02g03060,cdc2Os-2|CDKA2 
LOC_Os01g67160,CDKB1;1|CDKB1 
LOC_Os08g40170,CDKB2;1|cdc2Os3|CDKB2 
LOC_Os07g29410,CDSP32 
LOC_Os03g04110,CEBiP|OsCEBiP 
LOC_Os05g41080,CENH3 
LOC_Os02g31140,CFL1 
LOC_Os01g52680,CFO1|OsMADS32 
LOC_Os02g12790,Cga1 
LOC_Os05g06480,Chalk5 
LOC_Os03g04060,chi11 
LOC_Os05g33150,CHIA1;175 
LOC_Os03g59640,Chl1|OsChlD 
LOC_Os03g36540,Chl9|OsChlI 
LOC_Os07g46310,chlH 
LOC_Os07g31450,CHR729|OsCHD3|CRL6 
LOC_Os11g32650,CHS 
LOC_Os05g33130,Cht-2 
LOC_Os06g51050,Cht-3 
LOC_Os07g36170,CIGR1 
LOC_Os07g39470,CIGR2 
LOC_Os07g02350,CK2alpha2 
LOC_Os03g10940,CK2alpha3 
LOC_Os10g41520,CK2beta1 
LOC_Os07g31280,CK2beta3 
LOC_Os03g57940,CKI|EL1|Hd16 
LOC_Os05g33840,CLA1|OsDXS1|OsDXS2|OsDXS 
LOC_Os10g43050,CLPP4 
LOC_Os01g16530,CLPR4 
LOC_Os08g34380,COE1 
LOC_Os04g51180,COLD1 
LOC_Os08g06100,COMT|OsCOMT 
LOC_Os02g53140,COP1|PPS 
LOC_Os01g56420,COPT1 
LOC_Os05g35050,COPT5 
LOC_Os05g49170,COR413-TM1|Oscor413-tm1 
LOC_Os03g50940,COX11 
LOC_Os12g37419,COX5c 
LOC_Os01g42650,coxVb|COX5b 
LOC_Os04g38410,CP24 
LOC_Os10g08580,CPD|OsCPDP|qUVR-10 
LOC_Os02g35970,CPT1 
LOC_Os04g40290,CRC1 
LOC_Os07g35700,CRK10 
LOC_Os07g35690,CRK6 
LOC_Os03g05510,CRL1|ARL1 
LOC_Os03g46330,CRL4|OsGNOM1 
LOC_Os07g03250,Crl5 
LOC_Os07g14270,CRO1 
LOC_Os05g39250,CRP 
LOC_Os08g07060,CRR6 
LOC_Os03g61670,CRT 
LOC_Os07g31540,CRTintP 
LOC_Os01g16810,CSA 
LOC_Os08g06380,CslF6 
LOC_Os08g39070,CSN6 
LOC_Os04g52830,Ctb1 
LOC_Os02g43460,CTD2 
LOC_Os02g53670,CTMyb1 
LOC_Os01g59120,CycB1;1|OsCycB1;1 
LOC_Os11g05850,Cyclin-T1;3 
LOC_Os06g02520,CYCLOPS|OsIPD3 
LOC_Os10g41430,CYCU4;1 
LOC_Os08g03682,CYP703A3 
LOC_Os03g07250,CYP704B2 
LOC_Os07g48330,CYP714B1 
LOC_Os03g21419,CYP714B2 
LOC_Os01g41800,CYP72A31 
LOC_Os02g11020,CYP734A2 
LOC_Os06g39880,CYP734A4 
LOC_Os07g45290,CYP734A5 
LOC_Os01g29150,CYP734A6 
LOC_Os02g36280,CYP76M6 
LOC_Os02g36110,CYP76M7 
LOC_Os02g36070,CYP76M8 
LOC_Os04g48170,CYP87A3 
LOC_Os05g11130,CYP90D3 
LOC_Os04g01140,CYP93G1 
LOC_Os06g01250,CYP93G2 
LOC_Os12g05440,CYP94C2b 
LOC_Os02g57290,CYP97A4 
LOC_Os04g10160,CYP99A2 
LOC_Os04g09920,CYP99A3 
LOC_Os05g26377,CysP13|CpP13|PG5a|Prol-06 
LOC_Os03g55730,CysR10|crP10 
LOC_Os04g46980,cZOGT1 
LOC_Os04g46990,cZOGT2 
LOC_Os04g47770,cZOGT3 
LOC_Os05g26890,D1|RGA1 
LOC_Os01g54270,D10|OsCCD8|OsCCD8b 
LOC_Os04g39430,D11|CPB1|CYP724B1 
LOC_Os03g32270,D14L 
LOC_Os01g08220,d18|OsGA3ox2 
LOC_Os01g10040,D2
LOC_Os11g37650,D27 
LOC_Os06g06050,D3 
LOC_Os06g37364,D35|OsKOS3|OsKO2 
LOC_Os02g27620,D50 
LOC_Os11g01330,D53 
LOC_Os07g03770,D6|OSH15|Oskn3 
LOC_Os01g52050,D61|OsBRI1 
LOC_Os04g32550,DAD-1|DAD1 
LOC_Os04g39980,DAO 
LOC_Os07g38440,DAO 
LOC_Os01g33040,DBS1|OsNACK 
LOC_Os10g31850,DCA1 
LOC_Os02g15594,DCW11 
LOC_Os06g04710,DDF1 
LOC_Os03g46610,DDX47|TOGR1 
LOC_Os12g27994,DEC 
LOC_Os09g26999,DEP1|DN1|qPE9-1|OsDEP1 
LOC_Os07g42410,DEP2|EP2|SRS1 
LOC_Os06g46350,DEP3 
LOC_Os05g30220,DEPG1 
LOC_Os01g49000,DGL1|OsKTN60 
LOC_Os01g10460,D-h 
LOC_Os02g57490,DH1 
LOC_Os05g02530,DHAR1|OsDHAR1|OsDHAR 
LOC_Os03g11600,DL 
LOC_Os06g03710,DLT|OsGRAS-32|D62|GS6 
LOC_Os12g04980,DMC1A|DMC1 
LOC_Os05g37350,DNG701 
LOC_Os01g42630,DNMT2 
LOC_Os02g14120,Docs1 
LOC_Os06g04540,DP1 
LOC_Os07g43390,DPE1 
LOC_Os01g09990,DPF 
LOC_Os01g15448,DPL1 
LOC_Os06g08510,DPL2 
LOC_Os03g07140,DPW 
LOC_Os01g70025,DPW2 
LOC_Os09g26840,DRO1 
LOC_Os06g12250,DSH1 
LOC_Os02g50970,DSM1 
LOC_Os03g03370,DSM2 
LOC_Os03g12840,DSM3|OsITPK2 
LOC_Os03g57240,DST 
LOC_Os07g35610,DTC1 
LOC_Os04g51070,DTD|EAT1 
LOC_Os02g49230,DTH2|OsCOL9|OsCCT08 
LOC_Os07g43010,DTM1 
LOC_Os10g35550,Du1 
LOC_Os04g39780,DWA1 
LOC_Os04g48200,DWF1|DIM;DWF1|DIM 
LOC_Os01g47710,DWT1 
LOC_Os10g25170,EBL1 
LOC_Os03g29260,EF-1beta2 
LOC_Os04g43200,EFA27 
LOC_Os01g67430,EG1 
LOC_Os10g32600,Ehd1 
LOC_Os10g28330,Ehd2|RID1 
LOC_Os08g01420,Ehd3 
LOC_Os03g02160,Ehd4 
LOC_Os07g34589,eIF-1 
LOC_Os04g30780,EIF3H 
LOC_Os06g48750,eIF-4a|EIF4A 
LOC_Os03g55150,EIF5 
LOC_Os02g35329,EL5 
LOC_Os01g14410,ELIP 
LOC_Os01g72930,EMP5|OsEMP5 
LOC_Os01g64310,ENAC1 
LOC_Os04g59624,ENL1 
LOC_Os04g59620,ENL1L 
LOC_Os09g26960,EP 
LOC_Os02g15950,EP3|LP 
LOC_Os06g04280,EPSPs 
LOC_Os11g43960,ER-ANT1 
LOC_Os03g49500,ERS1 
LOC_Os05g06320,ERS2 
LOC_Os01g11040,ES1|TUT1|OsSCAR1 
LOC_Os04g08740,ETR2|Os-ERL1 
LOC_Os02g57530,ETR3 
LOC_Os07g15540,ETR4 
LOC_Os05g40384,EUI1 
LOC_Os06g02028,EYA1 
LOC_Os04g52280,FC1|OsCAD7 
LOC_Os09g03610,FCA|OsFCA 
LOC_Os04g39770,FCP1|OsCLE402 
LOC_Os06g34180,FCP2 
LOC_Os05g37140,Fd 
LOC_Os08g01380,Fd1 
LOC_Os02g57040,FDH 
LOC_Os07g40520,FH5|RMD|BUI1 
LOC_Os01g07500,FIB 
LOC_Os11g34460,FKF1|OsFKF1 
LOC_Os04g55230,FLO2 
LOC_Os05g33570,FLO4|OsPPDKB|ppdk|OsC4PPDK 
LOC_Os03g48170,FLO6 
LOC_Os10g32680,FLO7 
LOC_Os02g52840,FLS 
LOC_Os03g57120,FNR 
LOC_Os06g50340,FON1 
LOC_Os11g38270,FON2|FON4|TG1 
LOC_Os02g21890,FOS1 
LOC_Os01g67100,FSM|CAF-1 
LOC_Os04g56970,FtsZ1 
LOC_Os03g44420,FtsZ2-1 
LOC_Os02g13950,FUWA 
LOC_Os07g47330,FZP|BFL1 
LOC_Os07g04670,G1 
LOC_Os06g18830,G11A 
LOC_Os05g34854,GA20OX4 
LOC_Os01g55240,GA2OX3|OsGA2OX3 
LOC_Os03g13300,GAD3 
LOC_Os03g03720,GADPH 
LOC_Os03g41060,GASR2 
LOC_Os02g47850,GAT1 
LOC_Os07g37610,GD1 
LOC_Os07g41240,GE|CYP78A13 
LOC_Os04g38870,GF14b|OsGF14b 
LOC_Os08g33370,GF14c 
LOC_Os03g50290,GF14f 
LOC_Os03g60509,gh1|OsCHI 
LOC_Os02g09490,GH2|OsCAD2 
LOC_Os10g22520,GH5BG 
LOC_Os02g49880,Ghd2|OsK 
LOC_Os07g15770,Ghd7 
LOC_Os07g49460,Ghd7.1|Hd2|OsPRR37|DTH7 
LOC_Os04g57920,GIC 
LOC_Os05g33730,GID1|OsGID1 
LOC_Os04g33740,GIF1|OsCIN2|OsGIF1 
LOC_Os10g23220,GIL1 
LOC_Os12g33100,GK1 
LOC_Os03g44500,GL3.1|qGL3-1|qGL3|OsPPKL1 
LOC_Os03g30420,GL3.2 
LOC_Os05g41970,GLB1 
LOC_Os03g12290,GLN1;2|GS1;2|OsGS1;2 
LOC_Os03g57220,GLO1 
LOC_Os04g53210,GLO2 
LOC_Os07g05820,GLO3 
LOC_Os07g42440,GLO4 
LOC_Os05g02730,GLR1 
LOC_Os04g49570,GLR3.1 
LOC_Os10g26060,GluA 
LOC_Os02g15169,GluB-1 
LOC_Os02g16830,GluB4 
LOC_Os02g16820,GluB5 
LOC_Os02g15070,GluB6 
LOC_Os02g15090,GluD 
LOC_Os04g45470,Glup3|OsVPE1 
LOC_Os03g15650,GLUP6|GEF 
LOC_Os01g10110,Gn1a|OsCKX2 
LOC_Os04g32510,Gnp4|LAX2 
LOC_Os02g53200,Gns1 
LOC_Os02g58590,GnT1 
LOC_Os06g07250,GOS9 
LOC_Os03g11100,GOT1B|GLUP2 
LOC_Os07g04930,gp1 
LOC_Os03g61950,GPA3 
LOC_Os03g43990,GRP162 
LOC_Os02g47280,GS2|OsGRF4|GL2|GLW2 
LOC_Os05g06660,GS5 
LOC_Os04g52920,GSD1 
LOC_Os05g11730,GSK2 
LOC_Os06g08380,GSL5|OsGSL5 
LOC_Os04g45750,GT-2 
LOC_Os02g15220,GTE4|OsGTE4 
LOC_Os03g08170,GUDK 
LOC_Os02g14720,GW2 
LOC_Os05g09520,GW5|qSW5 
LOC_Os07g41200,GW7|GL7|SLG7 
LOC_Os06g12400,HAZ1|HOX1a 
LOC_Os05g44140,Hb5 
LOC_Os02g40860,hbd2|OsCKI1 
LOC_Os06g16370,Hd1 
LOC_Os06g05060,Hd17|Ef7|OsELF3-1|OsELF3.1 
LOC_Os08g04780,Hd18 
LOC_Os06g06320,Hd3a 
LOC_Os08g07740,Hd5|DTH8|Ghd8|OsHAP3H|LHD1|EF8 
LOC_Os03g55389,Hd6|CK2 
LOC_Os08g25570,HDA705 
LOC_Os02g55080,HDR1 
LOC_Os01g68104,HDT702 
LOC_Os02g13810,HEI10 
LOC_Os06g06530,HGW 
LOC_Os06g44410,HK1 
LOC_Os01g34850,HKT3|OsHKT2;3 
LOC_Os10g32920,HLL 
LOC_Os09g31970,HMG2 
LOC_Os06g51220,HMGB1|OsHMGB1 
LOC_Os02g48330,HMGRI 
LOC_Os04g38310,HN1L 
LOC_Os03g10210,HOX12 
LOC_Os12g39880,HSA1a 
LOC_Os12g39920,HSA1b 
LOC_Os06g46900,HSA32 
LOC_Os05g44340,HSP101|OsClpB-cyt|HSP100 
LOC_Os02g01030,HSP40 
LOC_Os11g47760,HSP70 
LOC_Os08g39140,hsp82A 
LOC_Os06g50300,Hsp90|rHsp90|OSGrp94 
LOC_Os12g27254,HSR201 
LOC_Os05g33940,HSR203J 
LOC_Os04g46470,HTD1|OsCCD7 
LOC_Os03g10620,HTD2|D88|D14 
LOC_Os11g07240,Hwi1 
LOC_Os03g02650,HYR 
LOC_Os01g53880,IAA6|OsIAA6 
LOC_Os01g22630,IAI1 
LOC_Os01g04050,IAI2 
LOC_Os04g56950,IAMT1 
LOC_Os09g12150,IBF1 
LOC_Os09g19734,ICS1|OsVDAC1|OsICS1 
LOC_Os08g01090,IDEF1 
LOC_Os05g35170,IDEF2 
LOC_Os08g44460,IF1-1 
LOC_Os09g39550,IF1-2 
LOC_Os04g38520,IIP4 
LOC_Os06g50920,ILA1 
LOC_Os04g54900,ILI1 
LOC_Os04g56580,IPK1|OsIPK1 
LOC_Os07g28820,IRE1|OsIRE1 
LOC_Os09g29404,ISA3 
LOC_Os11g45740,JAmyb|OsJAmyb 
LOC_Os03g18850,JIOsPR10|OsPR10 
LOC_Os05g10770,JMJ703 
LOC_Os05g23670,JMJ704 
LOC_Os01g67970,JMJ705 
LOC_Os10g42690,JMJ706|OsJMJ706 
LOC_Os02g53520,K16 
LOC_Os04g47059,Kala4 
LOC_Os06g02019,KAO 
LOC_Os12g13930,KAR 
LOC_Os02g57240,KOB1 
LOC_Os02g52480,KRP1 
LOC_Os11g40030,KRP3 
LOC_Os04g52240,KS2|OsKS2|OsKSL2 
LOC_Os03g52860,L-2 
LOC_Os11g29840,LA1 
LOC_Os04g43840,LABA1|OsLOGL6|An-2 
LOC_Os03g15360,LAR 
LOC_Os01g61480,LAX1 
LOC_Os12g01550,LBD12-1 
LOC_Os02g05840,LC2|OsVIL3 
LOC_Os09g32540,LGD1 
LOC_Os03g39610,LHCB|LHCPII 
LOC_Os06g49080,LIC|OsLIC1 
LOC_Os05g03860,LIP19|OsbZIP38 
LOC_Os01g01340,Lir1|OsLIR1 
LOC_Os01g40630,LOG 
LOC_Os02g40240,LP2 
LOC_Os03g13400,LPA1 
LOC_Os03g05020,LPL2 
LOC_Os08g43130,LPL3 
LOC_Os06g03940,LRD6-6|LMR 
LOC_Os02g05980,LRK1 
LOC_Os02g51110,Lsi1|OsNIP2;1|OsLsi1 
LOC_Os03g01700,Lsi2|OsLsi2 
LOC_Os10g39980,Lsi3 
LOC_Os06g12310,Lsi6 
LOC_Os05g48390,LTN1|OsPHO2 
LOC_Os03g01300,Ltp1 
LOC_Os03g02050,LTP2|nsLTP2 
LOC_Os02g51080,LYL1|OsChlP 
LOC_Os09g27890,LYP4|OsLYP4 
LOC_Os06g10660,LYP6|OsLYP6 
LOC_Os02g44990,MAIF1 
LOC_Os08g40620,MAP 
LOC_Os04g10010,MAS 
LOC_Os03g58600,MEL1 
LOC_Os12g38460,MEL2 
LOC_Os02g40450,MER3|RCK 
LOC_Os06g31210,MetRS|MRS 
LOC_Os02g17390,MFP 
LOC_Os05g41760,MFS1 
LOC_Os01g03750,MHZ4 
LOC_Os05g37060,MID1 
LOC_Os12g18410,MIR 
LOC_Os03g18550,MIT 
LOC_Os06g21390,MKRN 
LOC_Os06g29110,MLO 
LOC_Os07g09060,MMSDH 
LOC_Os06g40780,MOC1 
LOC_Os01g64660,MOC2|FBP1 
LOC_Os04g56780,MOC3|OsWUS|TAB1|OsTAB1 
LOC_Os03g11550,MODD 
LOC_Os04g39080,MOF 
LOC_Os04g51350,MPR25 
LOC_Os04g01130,MRG701 
LOC_Os11g34300,MRG702 
LOC_Os01g05650,MT2A 
LOC_Os07g49390,Mtr1 
LOC_Os01g18240,MYB61 
LOC_Os10g41200,MYBS3|OsMYBS3 
LOC_Os01g52500,NADP-ME2|OsNADP-ME2 
LOC_Os04g52479,NAL1|qFLW4 
LOC_Os11g01130,NAL2|OsWOX3A|WOX3 
LOC_Os12g01120,NAL3 
LOC_Os09g33780,NEF 
LOC_Os01g56200,NH2 
LOC_Os03g46440,NH3 
LOC_Os02g22020,NIGT1 
LOC_Os05g50270,NL1 
LOC_Os11g14380,NLS1 
LOC_Os06g30320,NOC3 
LOC_Os03g45194,NOL 
LOC_Os08g41880,NPP1|OsPAP27b 
LOC_Os02g03900,Nrat1 
LOC_Os01g03940,NRR 
LOC_Os05g51690,NRR|CRCT 
LOC_Os10g40100,NRRB 
LOC_Os03g13274,NRT1|OsNRT1|OsNRT1.1 
LOC_Os06g22140,NTRA 
LOC_Os02g48290,NTRB 
LOC_Os07g46410,NTRC 
LOC_Os01g12710,NYC1 
LOC_Os06g24730,NYC3 
LOC_Os07g37250,NYC4 
LOC_Os03g61120,OASA1 
LOC_Os03g15780,OASA2 
LOC_Os01g42860,OCPI1 
LOC_Os01g16430,OcXII 
LOC_Os09g37120,ODCa 
LOC_Os02g28110,ODCb 
LOC_Os11g40140,OgPAE1 
LOC_Os12g17080,OGR1 
LOC_Os06g08450,OHK1 
LOC_Os01g69920,OHK2|OsHk3 
LOC_Os10g21810,OHK3|OsHk5 
LOC_Os03g50860,OHK4 
LOC_Os02g50480,OHK5|OsHk6 
LOC_Os08g44350,OHP1 
LOC_Os09g39400,OHP2 
LOC_Os06g08770,OIP30 
LOC_Os09g15520,OLE4 
LOC_Os02g36880,OMTN1 
LOC_Os12g41680,OMTN3 
LOC_Os06g46270,OMTN4 
LOC_Os06g23650,OMTN5 
LOC_Os08g10080,OMTN6 
LOC_Os01g01470,ONAC020 
LOC_Os03g04070,ONAC022 
LOC_Os02g12310,ONAC023 
LOC_Os01g29840,ONAC026 
LOC_Os11g03370,ONAC045 
LOC_Os08g33910,ONAC063 
LOC_Os06g51070,ONAC095 
LOC_Os07g04560,ONAC096 
LOC_Os08g33670,ONAC106 
LOC_Os11g03300,ONAC122|OsNAC10 
LOC_Os11g31340,ONAC127 
LOC_Os11g31360,ONAC128 
LOC_Os11g31380,ONAC129 
LOC_Os12g03040,ONAC131 
LOC_Os12g03050,ONAC300 
LOC_Os03g08360,ONI1 
LOC_Os10g28060,ONI2 
LOC_Os09g19930,ONI3 
LOC_Os02g35310,OPR8 
LOC_Os03g54000,OPT|OsOPT7 
LOC_Os08g07890,ORK1 
LOC_Os07g26940,ORMDL 
LOC_Os03g01650,Orys1 
LOC_Os03g01740,Orysa; 
LOC_Os06g05660,Orysa;NAP1;1|OsNAP1_L1 
LOC_Os05g46230,Orysa;NAP1;2|OsNAP1_L2 
LOC_Os01g51450,Orysa;NAP1;3|OsNAP1_L3 
LOC_Os05g49200,Oryzasin 
LOC_Os11g20310,Os11Gsk 
LOC_Os11g31190,Os11N3|OsSWEET14 
LOC_Os01g67220,Os1BGlu4 
LOC_Os03g11420,Os3BGlu6 
LOC_Os03g49600,Os3BGlu7 
LOC_Os03g49610,Os3BGlu8 
LOC_Os04g39880,Os4BGlu12 
LOC_Os08g14760,Os4CL1 
LOC_Os02g46970,Os4CL2 
LOC_Os02g08100,Os4CL3 
LOC_Os06g44620,Os4CL4 
LOC_Os08g34790,Os4CL5 
LOC_Os04g41340,Os4NPP1 
LOC_Os06g02144,Os6PGDH 
LOC_Os11g29400,Os6PGDH2 
LOC_Os01g32364,Os7BGlu26 
LOC_Os08g42350,Os8N3|xa13 
LOC_Os09g33680,Os9BGlu31 
LOC_Os03g01120,OsA8 
LOC_Os04g58710,OsAAE3 
LOC_Os07g07050,OsAAO 
LOC_Os01g65670,OsAAP6|qPC1 
LOC_Os01g45910,OsAAT 
LOC_Os04g37619,OsABA1|OSZEP1 
LOC_Os03g59610,OsABA2 
LOC_Os12g29400,OsABA45 
LOC_Os02g47470,OsABA8ox1 
LOC_Os08g36860,OsABA8ox2 
LOC_Os09g28390,OsABA8ox3 
LOC_Os02g36570,OsABC1-2 
LOC_Os04g38570,OsABCB14 
LOC_Os04g52900,OsABCC1|MRP1 
LOC_Os06g40550,OsABCG15 
LOC_Os10g35180,OsABCG26 
LOC_Os07g33780,OsABCG43|PDR5 
LOC_Os01g64730,OsABF1|OsABI5|OREB1|OsbZIP10 
LOC_Os01g40094,OsABI2|OsPP2C06|OsABIL1 
LOC_Os05g28350,OsABI4 
LOC_Os05g51510,OsABIL2 
LOC_Os05g46040,OsABIL3 
LOC_Os06g33520,OsABP 
LOC_Os06g02490,OsACBP2 
LOC_Os03g37960,OsACBP3 
LOC_Os04g58550,OsACBP4 
LOC_Os03g14000,OsACBP5 
LOC_Os03g61930,OsACBP6 
LOC_Os09g27820,OsACO1 
LOC_Os09g27750,OsACO2 
LOC_Os02g53180,OsACO3 
LOC_Os11g08380,OsACO4 
LOC_Os05g05680,OsACO5|OsACO6 
LOC_Os01g39860,OsACO7 
LOC_Os04g24530,OsACOS12 
LOC_Os01g52230,OsACP1 
LOC_Os10g39860,OsACR2.1 
LOC_Os03g01770,OsACR2.2 
LOC_Os03g14370,OsACR9 
LOC_Os03g04120,OsACS 
LOC_Os03g51740,OsACS1 
LOC_Os04g48850,OsACS2 
LOC_Os05g10780,OsACS3 
LOC_Os05g25490,OsACS4 
LOC_Os01g09700,OS-ACS5|OsACS5 
LOC_Os06g03990,OsACS6|SSG6 
LOC_Os03g50885,OsACT1|OsActin-1 
LOC_Os10g36650,OsAct2|OsActin-2 
LOC_Os11g06390,OsACTIN2 
LOC_Os06g01390,OsACX1 
LOC_Os11g39220,OsACX2 
LOC_Os06g24704,OsACX3 
LOC_Os06g04070,OsADC1 
LOC_Os10g03660,OsADF 
LOC_Os03g60580,OsADF3 
LOC_Os11g10510,OsADH 
LOC_Os04g32460,OsAFB2 
LOC_Os02g10480,OsAGAP 
LOC_Os03g18810,OsAGD2 
LOC_Os02g45070,OsAGO1a 
LOC_Os04g47870,OsAGO1b 
LOC_Os02g58490,OsAGO1c 
LOC_Os06g51310,OsAGO1d 
LOC_Os03g33650,OsAGO7|shl4|SHO2 
LOC_Os03g42110,OsAGPR 
LOC_Os05g25840,OsAGSW1 
LOC_Os08g02490,OsAHL1|AHL1 
LOC_Os09g31470,OsAHL2|AHL2 
LOC_Os01g03510,OsAIP1 
LOC_Os01g36890,OsAIP1|OsBAT1 
LOC_Os01g36920,OsAIP2 
LOC_Os05g41795,OsAIR1 
LOC_Os08g38710,OsAkaGal|Osh69 
LOC_Os01g62860,OsAKR1|OsI_04426 
LOC_Os01g45990,OsAKT1 
LOC_Os05g35410,OsAKT2 
LOC_Os03g31150,OsAL1 
LOC_Os07g42600,OsAlaAT2 
LOC_Os03g09910,OsALD1 
LOC_Os02g43194,OS-ALDH 
LOC_Os07g48920,OsALDH22 
LOC_Os06g15990,OsALDH2B1|ALDH2b 
LOC_Os09g26880,OsALDH7|OsALDH7B6|ALDH7B7 
LOC_Os06g40640,OsAld-Y 
LOC_Os02g30630,OsALS 
LOC_Os03g54790,OsALS1 
LOC_Os01g09760,OsALYL1 
LOC_Os03g44760,OsAM1 
LOC_Os04g43070,OsAMT1;1|OsAMT1.1 
LOC_Os02g40730,OsAMT1;2|OsAMT1.2 
LOC_Os02g40710,OsAMT1;3|OsAMT1.3 
LOC_Os05g39240,OsAMT2;1 
LOC_Os01g61550,OsAMT2;3 
LOC_Os02g51750,OsANN1 
LOC_Os01g27490,OsAns 
LOC_Os03g32314,OsAOC 
LOC_Os03g55800,OsAOS1 
LOC_Os03g12500,OsAOS2 
LOC_Os02g12680,OsAOS3|OsHPL2 
LOC_Os02g12690,OsAOS4|OsHPL1 
LOC_Os04g51160,OsAOX1b 
LOC_Os02g47200,OsAOX1c|AOX1c 
LOC_Os05g04630,OsAP1 
LOC_Os02g27360,OsAP19 
LOC_Os04g52090,OsAP2-39 
LOC_Os03g08790,OsAP25 
LOC_Os04g37570,OsAP37 
LOC_Os07g40260,OsAP65 
LOC_Os10g39260,OsAP77 
LOC_Os03g13370,OsAPC6 
LOC_Os02g20930,OsAPI5 
LOC_Os03g52460,OsAPL1|OsAGPL3|OsAGPL1 
LOC_Os01g44220,OsAPL2|osagpl2-3|OsAGPL2|GIF2 
LOC_Os05g50380,OsAPL3 
LOC_Os07g13980,OsAPL4|OsAGPL4 
LOC_Os09g12660,OsAPS1|OsAGPS1 
LOC_Os08g25734,OsAPS2|OsAGPS2b 
LOC_Os12g39860,OsAPT1|APRT 
LOC_Os04g42520,OsAPT2 
LOC_Os03g17690,OsAPX1|APXa 
LOC_Os07g49400,OsAPX2|APXb 
LOC_Os02g34810,OsAPx8 
LOC_Os06g48940,OsARA1 
LOC_Os07g48750,OsARAF1 
LOC_Os11g03730,OsARAF3 
LOC_Os03g06620,OsARD|OsARD2 
LOC_Os10g28350,OsARD1 
LOC_Os06g10880,OsAREB8|OsAREB1|OsbZIP46|OsABF2|ABL1 
LOC_Os11g32110,OsARF1 
LOC_Os04g57610,OsARF12 
LOC_Os06g09660,OsARF16 
LOC_Os06g48950,OsARF19 
LOC_Os12g29520,OsARF24 
LOC_Os12g41950,OsARF25 
LOC_Os04g01590,OsARG 
LOC_Os06g41730,OsARID3 
LOC_Os02g26700,OsARP|OsCTP 
LOC_Os06g15420,OsAS2 
LOC_Os03g19280,OsASL1 
LOC_Os03g18130,OsASN1|OsAS1 
LOC_Os11g08200,OsAsp1 
LOC_Os10g11980,OsAT1 
LOC_Os06g39390,OsAt10 
LOC_Os12g32210,OsATG10b 
LOC_Os04g58560,OsAtg4 
LOC_Os01g48920,OsATG6a 
LOC_Os07g32800,OsAtg8 
LOC_Os01g61070,OsATX 
LOC_Os01g63770,OsAUX1 
LOC_Os08g32870,OsBADH2|fgr 
LOC_Os01g50622,OsBBD1 
LOC_Os06g03580,OsBBI1 
LOC_Os01g03360,OsBBPI 
LOC_Os05g11510,OsBBX14 
LOC_Os09g33580,OsBC1 
LOC_Os05g32110,OsBC1L4 
LOC_Os02g32660,OsBEIIb 
LOC_Os03g06940,OsBGal1 
LOC_Os06g37560,OsBGal2 
LOC_Os01g70310,OsbHLH001|OsICE2 
LOC_Os10g39750,OsbHLH004 
LOC_Os07g43530,OsbHLH1|OsbHLH062 
LOC_Os12g32400,OsbHLH133 
LOC_Os03g53020,OsbHLH148 
LOC_Os06g50900,OsbHLH155 
LOC_Os02g03280,OsBI-1 
LOC_Os04g57850,OsBIABP1|SLAC1|OsSLAC1 
LOC_Os09g33810,OsBIANK1|XB25 
LOC_Os04g54200,OsBIDK1 
LOC_Os03g55320,OsBIERF1 
LOC_Os03g08500,OsBIERF4 
LOC_Os03g47740,OsBIHD1 
LOC_Os02g02410,OsBip1 
LOC_Os07g08790,OsBIP116b 
LOC_Os03g50250,OsBiP2|Bip2 
LOC_Os05g30480,OsBiP3|BiP3 
LOC_Os05g35400,OsBiP4 
LOC_Os08g09770,OsBiP5 
LOC_Os03g09220,OsBIPP2C1 
LOC_Os02g50930,OsBIRF1 
LOC_Os03g01830,OsBIRH1 
LOC_Os11g15060,OsBISAMT1 
LOC_Os08g44640,OsBISCPL1 
LOC_Os08g07760,OsBISERK1|OsSERK1|OsBAK1 
LOC_Os05g03150,OsBLE1 
LOC_Os07g45570,OsBLE2 
LOC_Os05g15630,OsBLE3 
LOC_Os12g06340,OsBLH1 
LOC_Os03g06930,OsBLH6 
LOC_Os12g37840,OsBOR1 
LOC_Os05g08430,OsBOR4 
LOC_Os03g08480,OsBP-73 
LOC_Os05g33400,OsBphi262 
LOC_Os09g12240,OsBRL1 
LOC_Os08g25380,OsBRL3 
LOC_Os03g12730,OsBRR1 
LOC_Os02g47230,OsBRXL1 
LOC_Os03g63650,OsBRXL2 
LOC_Os04g51172,OsBRXL3 
LOC_Os08g36020,OsBRXL4 
LOC_Os09g27220,OsBRXL5 
LOC_Os12g09080,OsBRXL6 
LOC_Os04g58750,OsBSK3 
LOC_Os01g68020,OsBT 
LOC_Os02g10800,OsBT1-1|OsBT1 
LOC_Os05g07900,OsBT1-2 
LOC_Os06g40050,OsBT1-3 
LOC_Os03g01910,OsBTF3|Osj10gBTF3 
LOC_Os10g26940,OsBURP16 
LOC_Os01g46970,OSBZ8|OsbZIP05 
LOC_Os01g07880,OsbZIP01 
LOC_Os02g09830,OsbZIP16 
LOC_Os02g52780,OsbZIP23 
LOC_Os03g20310,OsbZIP28|OsbZIP1 
LOC_Os05g34050,OsbZIP39 
LOC_Os06g41770,OsbZIP50|OsbZIP74 
LOC_Os06g45140,OsbZIP52|RISBZ5 
LOC_Os07g44950,OsbZIP60 
LOC_Os09g13570,OsbZIP71 
LOC_Os09g28310,OsbZIP72 
LOC_Os11g05480,OsbZIP79|OsTGA911 
LOC_Os07g39220,OsBZR1 
LOC_Os06g10350,OsC1 
LOC_Os07g04580,OsC3H47 
LOC_Os08g43290,OSC4 
LOC_Os11g37280,OsC6 
LOC_Os01g45274,OsCA1 
LOC_Os09g17740,OsCAB1R 
LOC_Os01g34480,OS-CAD 
LOC_Os04g36660,OsCaM 
LOC_Os03g20370,OsCam1-1 
LOC_Os07g48780,OsCam1-2|OsCam1 
LOC_Os01g16240,OsCam1-3|OsCaM1-3 
LOC_Os05g41210,OsCam2 
LOC_Os01g17190,OsCam3 
LOC_Os01g59530,OsCaM61 
LOC_Os02g07120,OsCAND1 
LOC_Os10g41780,OsCAO1|PGL 
LOC_Os10g41760,OsCAO2 
LOC_Os04g08350,OsCAS 
LOC_Os03g62650,Os-CASTOR 
LOC_Os02g02400,OsCATA 
LOC_Os05g24550,OsCatB 
LOC_Os06g51150,OsCATB 
LOC_Os03g03910,OsCATC|noe1 
LOC_Os01g37690,OsCAX1a 
LOC_Os03g25070,OsCBK 
LOC_Os10g41510,OsCBL1 
LOC_Os12g40510,OsCBL2 
LOC_Os02g18930,OsCBL8 
LOC_Os12g04240,OsCBP 
LOC_Os03g56800,OsCBSIMPDH1|OsCBSIMPDH1a|OsCBSIMPDH1b 
LOC_Os09g26190,OsCBSPPR1 
LOC_Os02g06360,OsCBSSIS1 
LOC_Os02g57280,OsCBSX3 
LOC_Os03g52690,OsCBSX4 
LOC_Os07g30774,OsCBT 
LOC_Os05g34770,OsCc1 
LOC_Os05g41090,OsCCaMK|OsDMI3 
LOC_Os08g23440,OsCCC1 
LOC_Os01g19850,OsCCC2 
LOC_Os12g44310,OsCCD1 
LOC_Os02g56460,OsCCR1 
LOC_Os03g03150,OsCCS52A|TAD|TE 
LOC_Os01g74146,OsCCS52B 
LOC_Os01g61900,OsCCT01 
LOC_Os03g17570,OsCCT11 
LOC_Os06g01340,OsCCT19 
LOC_Os03g45370,OsCCX2 
LOC_Os12g36890,OsCD1|OsCSLD4|NRL1|ND1|sle1|DNL1 
LOC_Os01g43520,OsCDase 
LOC_Os06g41750,OsCDC27 
LOC_Os03g05730,OsCDC48 
LOC_Os03g03660,OsCDPK13|OsCDPK11|OsCPK11 
LOC_Os11g07040,OsCDPK14 
LOC_Os07g33110,OsCDPK2|OsCPK2 
LOC_Os04g49510,OsCDPK7 
LOC_Os01g08330,OsCDR1 
LOC_Os06g05120,OsCDT1|OsCDT2 
LOC_Os01g08300,OsCDT3 
LOC_Os01g12070,OsCel9A|OsGLU5 
LOC_Os08g37070,OsCEP6.1 
LOC_Os02g40784,OsCER1 
LOC_Os04g52164,OsCER2 
LOC_Os02g43906,OsCERK 
LOC_Os08g42580,OsCERK1 
LOC_Os01g54620,OsCesA4|Bc7|bc11 
LOC_Os10g32980,OsCesA7 
LOC_Os07g10770,OsCesA8 
LOC_Os06g18010,OsCGT 
LOC_Os01g61160,OsChI1 
LOC_Os04g41680,OsChia4a 
LOC_Os10g28370,OsCHL 
LOC_Os03g20700,OsCHLH 
LOC_Os07g03450,OsCHR4 
LOC_Os05g49900,OsCHS 
LOC_Os05g19500,OsCHX14 
LOC_Os10g07210,OsCIA 
LOC_Os02g33110,OsCIN1 
LOC_Os01g55450,OsCIPK12 
LOC_Os12g02200,OsCIPK14 
LOC_Os11g02240,OsCIPK15 
LOC_Os07g05620,OsCIPK23 
LOC_Os03g20380,OsCK1|OsCIPK31|CIPK03 
LOC_Os01g71310,OsCKX4 
LOC_Os01g65500,OsCLC1 
LOC_Os04g36560,OsCLC-1 
LOC_Os02g35190,OsCLC-2 
LOC_Os06g16390,OsCLF|SDG711 
LOC_Os07g34110,OsCLIP 
LOC_Os01g71080,OsCLP 
LOC_Os02g42290,OsCLP3 
LOC_Os02g32520,OsClpD1 
LOC_Os01g32350,OsClpP3 
LOC_Os03g19510,OsClpP5 
LOC_Os01g72570,OsCLT1 
LOC_Os01g58790,OsCMK 
LOC_Os12g03816,OsCML3 
LOC_Os06g48510,OsCMO 
LOC_Os10g01570,OsCMT3a 
LOC_Os03g12570,OsCMT3b 
LOC_Os06g04500,OsCNIH1 
LOC_Os04g32950,OsCNX 
LOC_Os09g06464,OsCO3 
LOC_Os01g63420,OsCOI1|OsCOI1a 
LOC_Os05g37690,OsCOI1b 
LOC_Os03g15880,OsCOI2 
LOC_Os01g01420,OsCOIN 
LOC_Os03g50310,OsCOL10 
LOC_Os07g47140,OsCOL13 
LOC_Os02g39710,OsCOL4 
LOC_Os05g45280,OsCOLE1 
LOC_Os06g41050,OsCOM1 
LOC_Os03g55850,Oscor413-pm1 
LOC_Os04g57490,OsCP1 
LOC_Os03g19380,OsCP12 
LOC_Os11g04710,OsCPD1 
LOC_Os03g57450,OsCPK10 
LOC_Os04g47300,OsCPK12 
LOC_Os08g42750,OsCPK21 
LOC_Os11g04170,OsCPK25 
LOC_Os12g03970,OsCPK26 
LOC_Os02g03410,OsCPK4 
LOC_Os07g10690,OsCPL1|sh-h 
LOC_Os12g17910,OsCPn60alpha1|OsCPn60a1 
LOC_Os05g43380,OsCPP5 
LOC_Os02g17780,OsCPS|OsCPS1 
LOC_Os02g36210,OsCPS2|OsCyc2 
LOC_Os09g15050,OsCPS3 
LOC_Os04g09900,OsCPS4|OsCyc1 
LOC_Os03g03990,OscpSRP43 
LOC_Os03g43670,OsCR4 
LOC_Os05g06940,OsCRSH3 
LOC_Os11g36440,OsCRTISO|ZEBRA2|MHZ5 
LOC_Os02g36380,OsCRY1a 
LOC_Os04g37920,OsCRY1b 
LOC_Os02g41550,OsCRY2|CRY2 
LOC_Os10g42750,OsCSLD1|rth-2 
LOC_Os02g02870,OsCSP1 
LOC_Os08g03520,OsCSP2 
LOC_Os03g54770,OsCstF50|OsWD40-93 
LOC_Os11g07490,OsCstF64 
LOC_Os12g38380,OsCstF77 
LOC_Os05g38530,OsctHSP70-1 
LOC_Os01g62420,OscTPI 
LOC_Os04g16970,OsCTR1 
LOC_Os02g32610,OsCTR2 
LOC_Os04g52140,OsCTR3 
LOC_Os10g23204,OsCutA1 
LOC_Os05g33040,OsCYCP1;1 
LOC_Os10g33270,OsCYN 
LOC_Os09g28480,OsCYO1 
LOC_Os06g49470,OsCYP19-4 
LOC_Os02g02890,OsCYP2|OsCyp2-P|LRT2 
LOC_Os05g01270,OsCYP20-2 
LOC_Os07g29390,OsCYP21-4 
LOC_Os09g39780,OsCYP-25|CYP19-3 
LOC_Os05g12040,OsCYP51G3 
LOC_Os07g11739,Oscyp71Z2|CYP71Z2 
LOC_Os10g17260,OsCYP84A 
LOC_Os03g04680,OsCYP96B4|BSH1|SD37 
LOC_Os02g34560,OsCYT-INV1|SRT5 
LOC_Os04g20330,OscZOG1 
LOC_Os04g40970,OsDBH 
LOC_Os03g02970,OsDCL1 
LOC_Os03g38740,OsDCL2a 
LOC_Os09g14610,OsDCL2b 
LOC_Os01g68120,OsDCL3a 
LOC_Os10g34430,OsDCL3b 
LOC_Os09g27060,OsDDM1a 
LOC_Os03g51230,OsDDM1b 
LOC_Os08g04440,OsDEG10 
LOC_Os11g29370,OsDEP 
LOC_Os08g35240,OsDERF1 
LOC_Os01g01484,OsDET1 
LOC_Os03g61050,OsDEX1 
LOC_Os01g44260,OsDfr 
LOC_Os02g39340,OsDG2 
LOC_Os05g10810,OsDGAT 
LOC_Os07g10830,OsDGL1 
LOC_Os06g12630,OsDHAR2 
LOC_Os02g57370,OsDHHC1 
LOC_Os02g44870,OsDhn1|OsLip9 
LOC_Os02g50350,OsDHODH1 
LOC_Os02g20170,OsDi19-4 
LOC_Os10g05720,OsDIL|OsLTP6 
LOC_Os03g24040,OsDIS1 
LOC_Os05g26902,OsDjA7 
LOC_Os05g26926,OsDjA8 
LOC_Os03g13390,OsDMAS1 
LOC_Os11g04954,OsDMC1|DMC1B 
LOC_Os06g50870,OsDNLZ1 
LOC_Os03g07360,OsDof12|OsCDF1 
LOC_Os08g38220,OsDof25 
LOC_Os08g39450,OsDOG|OsSAP11 
LOC_Os01g09620,OsDOS 
LOC_Os08g05960,OsDR10 
LOC_Os12g27520,OsDR11 
LOC_Os07g34570,OsDR8 
LOC_Os05g24160,OsDRB1-1 
LOC_Os11g01869,OsDRB1-2 
LOC_Os08g29530,OsDRB1-4 
LOC_Os05g05790,OsDRB3 
LOC_Os09g35030,OsDREB1A|OsDREBL|OsCBF3 
LOC_Os09g35010,OsDREB1B 
LOC_Os06g06970,OsDREB1D 
LOC_Os04g48350,OsDREB1E|OsDREB1-1|CR350 
LOC_Os01g73770,OsDREB1F|RCBF2 
LOC_Os01g07120,OsDREB2A 
LOC_Os05g27930,OsDREB2B 
LOC_Os02g43940,OsDREB4-1|CR223 
LOC_Os04g46400,OsDREB4-2|CR250 
LOC_Os04g35190,OsDRF1 
LOC_Os03g02010,OsDRM2 
LOC_Os09g26400,OsDSG1 
LOC_Os11g07500,OsDSHCT 
LOC_Os01g29469,OsDsPTP1 
LOC_Os10g09850,OsDSR-1 
LOC_Os01g62200,OsDSR2 
LOC_Os11g10590,OsDT11 
LOC_Os02g36140,OsDTC1|OsKS3 
LOC_Os11g28530,OsDTC2|OsKSL11 
LOC_Os04g10060,OsDTS2|OsKSL4|OsKS4 
LOC_Os03g16950,OsDUF26 
LOC_Os10g42960,OsDUR3 
LOC_Os03g22780,OsDVR 
LOC_Os03g40540,OsDWARF 
LOC_Os03g12660,OsDWARF4|CYP90B2 
LOC_Os01g01710,OsDXR 
LOC_Os07g09190,OsDXS|OsDXS3 
LOC_Os02g33430,OsE2F1 
LOC_Os12g06200,OsE2F2 
LOC_Os09g28440,OsEATB 
LOC_Os03g08460,OsEBP-89 
LOC_Os05g51360,OsEBS 
LOC_Os03g17310,osECA1 
LOC_Os05g03820,OsECS 
LOC_Os03g06410,OsEDR1|OsACDR1|OsMAPKKK1|SPL3 
LOC_Os09g22450,OsEDS1 
LOC_Os10g08550,OsEE1|OsEno4 
LOC_Os01g38530,OsEF3|OsELF3-2|OsELF3.2 
LOC_Os05g31140,OsEGL1 
LOC_Os01g71474,OsEGL2 
LOC_Os07g12110,OseIF3e|EIF3E 
LOC_Os05g01450,OseIF3f 
LOC_Os02g05330,OseIF4A 
LOC_Os07g44620,Os-eIF6;1 
LOC_Os01g17330,Os-eIF6;2 
LOC_Os03g20790,OsEIL1|MHZ6 
LOC_Os07g48630,OsEIL2 
LOC_Os07g06130,OsEIN2 
LOC_Os05g28210,OsEm|EMP1|OsEm1 
LOC_Os04g08034,OsEMF2a 
LOC_Os09g13630,OsEMF2b 
LOC_Os11g05390,OsENA1 
LOC_Os09g20820,OsEno1 
LOC_Os03g14450,OsEno2 
LOC_Os03g15950,OsEno3 
LOC_Os06g04510,OsEno5 
LOC_Os06g05010,OsENOD93-1 
LOC_Os07g37100,OsENT2 
LOC_Os03g18200,OsERdj3A 
LOC_Os02g54160,OsEREBP1 
LOC_Os01g64790,OsEREBP2|ERF99 
LOC_Os04g46220,OsERF1 
LOC_Os09g13940,OsERF109 
LOC_Os06g08340,OsERF2 
LOC_Os06g09390,OsERF71 
LOC_Os01g54890,OsERF922 
LOC_Os03g52340,OsEro1 
LOC_Os03g18360,OsETOL1 
LOC_Os01g48060,OsETT2|OsETTIN2 
LOC_Os05g48870,OsETTIN1|OsARF15 
LOC_Os01g56940,OsEXO1 
LOC_Os02g30230,OsExo70-F2 
LOC_Os04g31330,OsExo70-F3 
LOC_Os04g15840,OsEXP1 
LOC_Os04g49410,OsEXPA10 
LOC_Os06g01920,OsEXPA17 
LOC_Os10g39110,OsEXPA30 
LOC_Os01g14650,OsEXPA8 
LOC_Os10g40720,OsEXPB3 
LOC_Os04g46650,OsEXPB5 
LOC_Os06g24180,OsF5HL 
LOC_Os03g02180,OsF5HL2 
LOC_Os02g48560,OsFAD2|OsFAD2-1 
LOC_Os12g01370,OsFAD3 
LOC_Os08g34220,OsFAD6 
LOC_Os03g18070,OsFAD7 
LOC_Os07g49310,OsFAD8 
LOC_Os12g43363,OsFAH1 
LOC_Os03g56820,OsFAH2 
LOC_Os08g39630,OsFBH1 
LOC_Os03g07530,OsFBK12 
LOC_Os10g03850,OsFbx352 
LOC_Os03g48040,OsFdC2 
LOC_Os05g46270,OsFEN-1 
LOC_Os11g01530,OsFER1 
LOC_Os12g01530,OsFER2 
LOC_Os01g67240,OsFH1 
LOC_Os08g04290,OsFIE1|Epi-df 
LOC_Os08g04270,OsFIE2 
LOC_Os08g42850,OsFKBP16-3 
LOC_Os01g66940,OsFKI 
LOC_Os08g02120,OsFKII 
LOC_Os10g34040,OsFlot 
LOC_Os04g52780,OsFLS2 
LOC_Os03g06654,OsFMO|OsCOW1|NAL7 
LOC_Os07g38130,OsFOR1|PGIP 
LOC_Os01g50760,OsFPPS1|FPPS1|FPPS 
LOC_Os05g46580,OsFPPS2|FPPS2 
LOC_Os04g56210,OsFPPS3 
LOC_Os03g11734,OsFRDL1 
LOC_Os10g13940,OsFRDL2 
LOC_Os01g69010,OsFRDL4 
LOC_Os06g45820,OsFtsH2 
LOC_Os01g72220,OsFY 
LOC_Os01g71930,Osg1 
LOC_Os02g38840,OsG6PDH1 
LOC_Os04g40874,OsG6PDH2 
LOC_Os07g22350,OsG6PDH3 
LOC_Os03g20300,OsG6PDH5 
LOC_Os03g63970,OsGA20ox1|GNP1 
LOC_Os07g07420,OsGA20ox3|GA20ox3 
LOC_Os05g06670,OsGA2ox1 
LOC_Os07g01340,OsGA2ox5 
LOC_Os04g44150,OsGA2ox6 
LOC_Os05g08540,OsGA3ox1 
LOC_Os02g02210,OsGABA-T 
LOC_Os08g36320,OsGAD1 
LOC_Os04g37500,OsGAD2 
LOC_Os01g10490,OsGAE1 
LOC_Os02g22130,OsGAP1 
LOC_Os04g40950,OsGapC2 
LOC_Os08g34210,OsGAPDH 
LOC_Os01g16970,OsGAS2 
LOC_Os03g55290,OsGASR1 
LOC_Os04g39110,OsGASR2 
LOC_Os11g08410,OsGATA28 
LOC_Os11g34210,OsGatB 
LOC_Os07g22930,OsGBSSII 
LOC_Os10g37180,OsGDCH 
LOC_Os03g58040,OsGDH1 
LOC_Os04g45970,OsGDH2 
LOC_Os02g43470,OsGDH3 
LOC_Os05g34540,OsGDI1 
LOC_Os05g23860,OsGDI2 
LOC_Os03g16900,OsGDI3 
LOC_Os09g35000,OsGEN-L 
LOC_Os08g08980,OsGER1 
LOC_Os02g36974,OsGF14e|GF14e|GID2 
LOC_Os12g08810,OsGGP 
LOC_Os07g39270,OsGGPPS1 
LOC_Os02g44780,OsGGPPS2 
LOC_Os10g40640,OsGGT 
LOC_Os08g40680,OsGH 
LOC_Os01g57610,OsGH3.1|OsGH3-1|LC1 
LOC_Os11g32510,OsGH3.13|TLD1 
LOC_Os07g40290,OsGH3.8|OsGH3-8|OsMGH3 
LOC_Os01g55940,OsGH3-2 
LOC_Os03g52630,OsGH9A3 
LOC_Os02g50040,OsGH9B1 
LOC_Os01g08700,OsGI 
LOC_Os02g12440,OsGIRL1 
LOC_Os09g25850,OsGL1-1|WSL2 
LOC_Os06g44300,OsGL1-3 
LOC_Os02g56920,OsGL1-6 
LOC_Os06g44100,OsglHAT1|GW6a 
LOC_Os06g24070,OsGLK1 
LOC_Os01g71830,OsGLN1 
LOC_Os01g71670,OsGLN2 
LOC_Os05g04220,OsGlnB 
LOC_Os08g35760,OsGLP1 
LOC_Os02g32980,OsGLP2-1 
LOC_Os09g25980,OsGLR2.1 
LOC_Os02g02540,OsGLR3.2 
LOC_Os03g21210,OsGLU1|OsGH9A1 
LOC_Os04g41970,OsGLU3|RT 
LOC_Os02g02860,OsGluRS|Cde1(t) 
LOC_Os07g46360,OsGlyI 
LOC_Os05g22970,OsGLYI-8 
LOC_Os01g47690,OsGLYII1|OsETHE1 
LOC_Os03g21460,OsGLYII2 
LOC_Os09g34100,OsGLYII3 
LOC_Os10g28200,OsGME1 
LOC_Os11g37890,OsGME2 
LOC_Os02g17500,OsGMST1 
LOC_Os09g31310,OsGNA1 
LOC_Os06g09930,OsGPCR 
LOC_Os11g34360,OsGPCR 
LOC_Os08g08840,OsGPT 
LOC_Os07g33910,OsGPT2-3 
LOC_Os04g46960,OsGPX1 
LOC_Os02g44500,OsGpx3|GPX3|OsGPx03 
LOC_Os03g06740,OsGR1 
LOC_Os02g56850,OsGR2|RGRC2 
LOC_Os10g28000,OsGR3|GR3 
LOC_Os03g51330,OsGRAS19|OsSCL7 
LOC_Os04g50060,OsGRAS23 
LOC_Os02g53690,OsGRF1|rhd1 
LOC_Os02g45570,OsGRF10 
LOC_Os04g51190,OsGRF3 
LOC_Os06g02560,OsGRF5 
LOC_Os03g51970,OsGRF6 
LOC_Os10g31330,Osgrp-2 
LOC_Os12g43600,Osgr-rbp4|Osgrp1 
LOC_Os02g40500,OsGrx_C2.1 
LOC_Os01g27140,OsGrx_C7 
LOC_Os04g42930,OsGrx|OsGrxC2;2 
LOC_Os07g05630,OsGRX19|MIL1 
LOC_Os01g47760,OsGRX6 
LOC_Os02g30850,OsGRX8 
LOC_Os02g50240,OsGS|OsGS1|GS1|OsGS1;1|OsGLN1;1 
LOC_Os03g50490,OsGS1;3|OsGLN1;3 
LOC_Os04g56400,OsGS2|lambdaGS31 
LOC_Os01g10840,OsGSK1 
LOC_Os06g35530,OsGSK4 
LOC_Os06g15620,OsGSR1 
LOC_Os03g17470,OsGSTL2 
LOC_Os11g37730,OsGSTT1 
LOC_Os09g29200,OsGSTU17 
LOC_Os10g38489,Osgstu4 
LOC_Os12g10730,OsGSTZ2 
LOC_Os01g15780,OsGT1 
LOC_Os02g22380,OsGT61-1|XAX1 
LOC_Os11g16550,OsGUN4 
LOC_Os06g30310,OsGWD1 
LOC_Os07g47240,OsGZF1 
LOC_Os03g51690,OSH1|Oskn1 
LOC_Os03g47016,OSH10 
LOC_Os03g51710,OSH3 
LOC_Os05g39770,Osh36|OsAMTR1 
LOC_Os03g56110,OSH43 
LOC_Os08g19650,OSH45 
LOC_Os01g19694,OSH6 
LOC_Os05g03884,OSH71|Oskn2 
LOC_Os02g01220,OsHAC1;1 
LOC_Os04g17660,OsHAC1;2 
LOC_Os02g04490,OsHAC703 
LOC_Os06g43790,OsHAF701 
LOC_Os04g32920,OsHAK1 
LOC_Os06g42030,OsHAK10 
LOC_Os03g37840,OsHAK16 
LOC_Os01g70940,OsHAK2 
LOC_Os03g37930,OsHAK21 
LOC_Os01g70490,OsHAK5 
LOC_Os06g09910,OsHAL3 
LOC_Os07g43360,OsHAM701 
LOC_Os03g29760,OsHAP2E 
LOC_Os01g61810,OsHAP3A 
LOC_Os05g38820,OsHAP3B 
LOC_Os05g49780,OsHAP3C 
LOC_Os02g49370,OsHAP3E 
LOC_Os03g01890,OSHB1 
LOC_Os10g33960,OSHB2 
LOC_Os12g41860,OSHB3|OsHox33 
LOC_Os03g43930,OSHB4|OsHox32 
LOC_Os01g10320,OSHB5 
LOC_Os01g17260,OsHBP1b 
LOC_Os10g30850,OsHCI1 
LOC_Os06g38470,OsHDAC1 
LOC_Os03g52170,OsHDR 
LOC_Os02g39160,OsHDS 
LOC_Os05g51830,OsHDT1|HDT701 
LOC_Os01g62780,OsHESO1 
LOC_Os04g13540,OsHFP 
LOC_Os06g44840,OsHGGT|HGGT 
LOC_Os07g47670,OsHIGD2 
LOC_Os08g39840,OsHI-LOX 
LOC_Os04g55510,OsHIP1|HAF1 
LOC_Os08g30790,OsHIR1 
LOC_Os05g51420,OsHIR3 
LOC_Os04g51820,OsHKT1;1|OsHKT4 
LOC_Os02g07830,OsHKT1;3 
LOC_Os04g51830,OsHKT1;4 
LOC_Os01g20160,OsHKT1;5|SKC1|OsHKT8 
LOC_Os06g48810,OsHKT2;1|OsHKT1 
LOC_Os06g48800,OsHKT2;4 
LOC_Os06g48720,OsHMA2|OsHMA2v 
LOC_Os02g10290,OsHMA4 
LOC_Os04g46940,OsHMA5 
LOC_Os06g45500,OsHMA9 
LOC_Os03g27770,OsHO2|HO2|OsYLC2 
LOC_Os03g62670,OsHOL1 
LOC_Os06g06040,OsHOL2 
LOC_Os01g64250,OsHORZ1 
LOC_Os03g52700,OsHOS1 
LOC_Os10g41230,OsHox1 
LOC_Os04g45810,Oshox22 
LOC_Os02g43330,OsHOX24 
LOC_Os09g29460,Oshox4 
LOC_Os02g02000,OsHPL3 
LOC_Os02g01150,OsHPR1 
LOC_Os01g12830,OsHPR2 
LOC_Os06g19680,OsHrd1 
LOC_Os03g15350,OsHrd3 
LOC_Os05g47780,OsHRZ2 
LOC_Os09g20830,OsHSBP1 
LOC_Os06g16270,OsHSBP2 
LOC_Os11g30560,OsHSD1 
LOC_Os09g28354,OsHsf23 
LOC_Os10g28340,OsHSF6|OsHsfA2c 
LOC_Os03g06630,OsHSFA2d|OsHSF7 
LOC_Os03g58160,OsHsfA2e 
LOC_Os01g54550,OsHsfA4a|OsHsfA4b 
LOC_Os01g39020,OsHsfA7 
LOC_Os08g43334,OsHsfB2b 
LOC_Os07g44690,OsHsfB4b 
LOC_Os01g53220,OsHsfC1b 
LOC_Os01g04370,Oshsp16.9 
LOC_Os01g04360,OsHSP16.9C 
LOC_Os01g04380,OsHSP17.0 
LOC_Os03g16040,OsHSP17.7 
LOC_Os03g16030,Oshsp18.0 
LOC_Os01g08860,OsHSP18.2|Oshsp18.0-CII 
LOC_Os12g38180,OsHSP23.7 
LOC_Os03g14180,Oshsp26 
LOC_Os05g23740,OsHsp70CP1 
LOC_Os08g03350,OsHT 
LOC_Os09g15430,OsHTAS 
LOC_Os04g46450,OsHUB1|MIP1 
LOC_Os10g41590,OsHUB2|FRRP1 
LOC_Os04g44620,OsHUS1 
LOC_Os03g53960,OsHXA701|HXA701 
LOC_Os05g31110,OsHXK10 
LOC_Os05g44760,OsHXK5 
LOC_Os01g53930,OsHXK6 
LOC_Os05g09500,OsHXK7 
LOC_Os01g62880,OsI_04429 
LOC_Os01g08320,OsIAA1 
LOC_Os02g57250,OsIAA10 
LOC_Os03g43400,OsIAA11 
LOC_Os03g53150,OsIAA13|OsiIAA1 
LOC_Os06g39590,OsIAA23 
LOC_Os01g13030,OsIAA3 
LOC_Os01g18360,OsIAA4 
LOC_Os02g56120,OsIAA9 
LOC_Os03g48740,OsIAGLU 
LOC_Os06g21410,OSIAGP 
LOC_Os03g32580,OsI-BAK1 
LOC_Os03g37970,OsiBBC1 
LOC_Os04g56500,OsIBH1|IBH1 
LOC_Os06g20340,OsIBR5 
LOC_Os11g32100,OsICE1 
LOC_Os04g47860,OsIDD10 
LOC_Os03g60430,OsIDS1 
LOC_Os03g19480,OsiEZ1|OsSET1|SDG718 
LOC_Os01g18840,OsIFL 
LOC_Os01g66590,OsIG1 
LOC_Os03g58300,OsIGL|OsIgl 
LOC_Os10g33310,OsiICK6 
LOC_Os04g57320,OsIM1 
LOC_Os05g28510,OsImpbeta1 
LOC_Os03g09250,OsINO1-1|OsINO1 
LOC_Os10g22450,OsINO1-2 
LOC_Os09g08072,OSINV1 
LOC_Os02g01590,OSINV3 
LOC_Os04g33720,OSINV4 
LOC_Os10g40090,OSIPA 
LOC_Os12g12860,OSIPK 
LOC_Os02g32370,OsIPK2|IPK2|IP6K 
LOC_Os05g46530,OSIPP3 
LOC_Os03g05334,OsIPS1 
LOC_Os03g24240,OsIPT2 
LOC_Os05g47840,OsIPT7 
LOC_Os01g01660,OsIRL 
LOC_Os01g72370,OsIRO2 
LOC_Os03g26210,OsIRO3|OsOsbHLH063 
LOC_Os03g46470,OsIRT1 
LOC_Os03g46454,OsIRT2 
LOC_Os01g70200,OsIRX10 
LOC_Os06g47340,OsIRX14 
LOC_Os07g49370,OsIRX9 
LOC_Os01g48440,OsIRX9L 
LOC_Os08g40930,OsISA1 
LOC_Os05g32710,OsISA2 
LOC_Os09g31200,OSISAP1 
LOC_Os03g57900,OsiSAP7 
LOC_Os06g41010,OsiSAP8 
LOC_Os06g03850,OsISI1 
LOC_Os01g47340,OsIsu1 
LOC_Os10g01480,OsITPK2 
LOC_Os11g46860,OsiWAK1 
LOC_Os05g51070,OsJ_RLL1 
LOC_Os03g63400,Osj3g2BTF3 
LOC_Os12g14440,OsJAC1 
LOC_Os05g50890,OsJar1|OsGH3.5|OsGH3-5 
LOC_Os01g12160,OsJAR2|OsGH3.3|OsGH3-3 
LOC_Os04g55920,OsJAZ1|OsTIFY3|EG2 
LOC_Os03g08330,OsJAZ10 
LOC_Os10g25290,OsJAZ12|OsTIFY11d 
LOC_Os07g42370,OsJAZ7|OsTIFY10b 
LOC_Os09g26780,OsJAZ8|OsTIFY10c 
LOC_Os03g08310,OsJAZ9|OsTIFY11a 
LOC_Os06g20920,OsJMT1 
LOC_Os02g46940,OsKANADI1|OsKANADI2 
LOC_Os03g55760,OsKANADI4 
LOC_Os07g11010,OsKAPP 
LOC_Os06g09630,OsKASI 
LOC_Os01g55200,OsKAT1 
LOC_Os01g11250,OsKAT2 
LOC_Os02g14840,OsKAT3 
LOC_Os12g36100,OsKCH1 
LOC_Os12g14150,OsKIX_11 
LOC_Os08g41210,OsKIX_9 
LOC_Os03g52650,OsKNOLLE 
LOC_Os06g37300,OsKOS1|OsKOL4|CYP701A8 
LOC_Os06g37224,OsKOS2|OsKOL5 
LOC_Os06g37330,OsKOS4|OsKO1 
LOC_Os04g52230,OsKS1 
LOC_Os12g30824,OsKS4 
LOC_Os10g35200,OsKTN80a 
LOC_Os04g58130,OsKTN80b|OsWD40-111 
LOC_Os01g57210,OsKTN80c|OsWD40-26 
LOC_Os07g08729,OsKu70 
LOC_Os03g63920,OsKu80|Ku80 
LOC_Os04g52450,Osl2 
LOC_Os02g57260,Osl57 
LOC_Os05g38420,OsLAC 
LOC_Os01g62480,Oslacc 
LOC_Os02g04170,OsLASPO 
LOC_Os03g57670,OsLBD3-7 
LOC_Os03g33090,Os-LBD37 
LOC_Os01g70380,OsLCB2a1 
LOC_Os10g37280,OsLCBK1 
LOC_Os04g45800,OsLCBK2 
LOC_Os01g72670,OsLCD 
LOC_Os06g38120,OsLCT1 
LOC_Os01g39960,OsLCYe|OsLCYepsilon 
LOC_Os09g37540,OsLDC-like1 
LOC_Os01g06630,OsLEA1a 
LOC_Os11g26570,OsLEA25 
LOC_Os05g46480,OsLEA3|OsLEA3-1 
LOC_Os03g20680,OsLEA3-2 
LOC_Os06g02040,OsLEA4 
LOC_Os05g50710,OsLEA5 
LOC_Os04g12540,OslecRK|OsLecRK1 
LOC_Os04g12560,OsLecRK2 
LOC_Os04g12580,OsLecRK3 
LOC_Os04g12600,OsLecRK4 
LOC_Os05g46370,OsLF 
LOC_Os01g51610,OsLFL1 
LOC_Os02g01340,OsLFNR1|LFNR1 
LOC_Os06g01850,OsLFNR2|LFNR2 
LOC_Os04g56170,OsLG1 
LOC_Os01g41740,OsLhcb1 
LOC_Os07g37240,OsLhcb4 
LOC_Os08g06110,OsLHY 
LOC_Os04g51700,OsLig4|Lig4 
LOC_Os02g54254,OsLKR|SDH 
LOC_Os07g14350,OsLLB 
LOC_Os02g42600,OsLMS 
LOC_Os12g41700,OsLOL1 
LOC_Os01g42710,OsLOL2 
LOC_Os09g36300,OsLon1 
LOC_Os03g49380,OsLOX1 
LOC_Os03g49260,OsLOX3|LOX3 
LOC_Os03g46060,OsLP|PR-5 
LOC_Os02g57400,OsLpa1 
LOC_Os08g33810,OsLPLA 
LOC_Os01g03630,OsLPR3 
LOC_Os01g03640,OsLPR5 
LOC_Os08g45000,OsLPT1|OsPht1;6|OsPT6 
LOC_Os01g59440,OsLRR1 
LOC_Os04g42000,OsLS 
LOC_Os08g06280,OsLSD1 
LOC_Os03g43840,OsLSD2 
LOC_Os08g03610,OsLSD3 
LOC_Os01g47900,OsLSK1 
LOC_Os10g10360,OsLSR 
LOC_Os07g44180,OsLti6a 
LOC_Os05g04700,OsLti6b|ddOs32 
LOC_Os11g02389,OsLTP5 
LOC_Os03g26820,OsLTPL1 
LOC_Os03g25350,OsLTPL36 
LOC_Os03g44000,OsLTPx1 
LOC_Os03g11614,OsMADS1|LHS1|AFO 
LOC_Os12g10540,OsMADS13 
LOC_Os03g54160,OsMADS14 
LOC_Os07g01820,OsMADS15|DEP 
LOC_Os06g49840,OsMADS16|SPW1 
LOC_Os07g41370,OsMADS18 
LOC_Os01g66030,OsMADS2 
LOC_Os01g66290,OsMADS21 
LOC_Os02g52340,OsMADS22 
LOC_Os04g23910,OsMADS25 
LOC_Os08g02070,OsMADS26 
LOC_Os02g07430,OsMADS29 
LOC_Os01g10504,OSMADS3 
LOC_Os06g45650,OsMADS30 
LOC_Os03g54170,OsMADS34|PAP2 
LOC_Os05g34940,OsMADS4 
LOC_Os06g06750,OsMADS5 
LOC_Os03g03100,OsMADS50|OsSOC1|DTH3 
LOC_Os01g69850,OsMADS51|OsMADS65 
LOC_Os10g39130,OsMADS56 
LOC_Os02g49840,OsMADS57 
LOC_Os05g11414,OSMADS58 
LOC_Os02g45770,OsMADS6|MFO1 
LOC_Os08g41950,OsMADS7|OsMADS45 
LOC_Os03g14850,OsMADS72|qSTL3 
LOC_Os09g32948,OsMADS8|OsMADS24 
LOC_Os03g38610,OsMADS87 
LOC_Os02g05480,OsMAPK33|OsMAPK3 
LOC_Os06g48590,OsMAPK4|OsMSRMK3 
LOC_Os01g50400,OsMAPKKK55 
LOC_Os01g50370,OsMAPKKK63 
LOC_Os02g28220,OsMaT-1 
LOC_Os02g28170,OsMaT-2 
LOC_Os02g28340,OsMaT-3 
LOC_Os03g08900,OsMATE1 
LOC_Os05g48040,OsMATE2 
LOC_Os03g06120,OsMCA1|PAD 
LOC_Os06g11500,OsMCM2 
LOC_Os08g41830,OsMCP 
LOC_Os01g66360,OsMCS 
LOC_Os09g39380,OsMDHAR 
LOC_Os03g08754,OsMDP1 
LOC_Os09g36890,OsMED4 
LOC_Os01g32660,OsMEK1|OsMKK6 
LOC_Os03g58400,OsMet1-1|OsMET1a 
LOC_Os07g08500,OsMet1-2|OsMET1b 
LOC_Os02g55910,OsMGD 
LOC_Os01g64890,OsMGT1 
LOC_Os11g43860,OsMHX 
LOC_Os03g52760,OsMIK 
LOC_Os06g36560,OsMIOX 
LOC_Os06g05520,OsMKK1 
LOC_Os03g12390,OsMKK10-2 
LOC_Os02g54600,OsMKK4 
LOC_Os05g02500,OsMKP1 
LOC_Os01g72880,OsMLH1 
LOC_Os05g09050,OsMLO12 
LOC_Os01g69210,OsMOGS 
LOC_Os01g62840,OsMPG1|OsVTC1-1 
LOC_Os06g06090,OsMPK1|OsMAPK6|OsSIPK 
LOC_Os01g43910,OsMPK10 
LOC_Os06g26340,OsMPK11 
LOC_Os02g04230,OsMPK13|OsBIMK2 
LOC_Os05g05160,OsMPK14 
LOC_Os11g17080,OsMPK15 
LOC_Os01g45620,OsMPK16 
LOC_Os05g50120,OsMPK17 
LOC_Os08g06060,OsMPK2|OsMAPK2 
LOC_Os10g38950,OsMPK6|OsMPK4 
LOC_Os05g49140,OsMPK7 
LOC_Os01g47530,OsMPK8|OsWJUMK1 
LOC_Os05g50560,OsMPK9 
LOC_Os02g40530,OsMPS 
LOC_Os04g54340,OsMRE11 
LOC_Os05g25850,OsMSD 
LOC_Os07g30240,OsMSH4 
LOC_Os05g41880,OsMSH5 
LOC_Os01g68870,OsMSP1 
LOC_Os03g24600,OsMSR1 
LOC_Os01g72530,OsMSR2 
LOC_Os10g41400,OsMSRA4.1 
LOC_Os06g27760,OsMSRB1.1 
LOC_Os03g17700,OsMSRMK2|OsMAP1|OsMPK5|OsMAPK2|OsMAPK5|OsBIMK1|OsMPK3 
LOC_Os02g39010,OsMSRPK1|Orysa;CDKG;1 
LOC_Os04g37980,OsMST1 
LOC_Os03g39710,OsMST2 
LOC_Os07g01560,OsMST3 
LOC_Os03g11900,OsMST4 
LOC_Os08g08070,OsMST5 
LOC_Os07g37320,OsMST6 
LOC_Os01g38680,OsMST7 
LOC_Os01g38670,OsMST8 
LOC_Os04g51330,OsMT 
LOC_Os11g47809,OsMT1a|rgMT 
LOC_Os12g38300,OsMT1d 
LOC_Os12g38010,OsMT1f 
LOC_Os12g38290,OsMT1g 
LOC_Os05g02070,OsMT2b 
LOC_Os01g05585,OsMT2d 
LOC_Os08g34258,Osmtd1 
LOC_Os01g74300,OsMTI2B 
LOC_Os01g10400,OsMTI-3a 
LOC_Os12g38051,OsMT-I-4b|OsMT1c 
LOC_Os10g39610,OsMT-II-1a 
LOC_Os06g02220,OsMTN 
LOC_Os06g49450,OsMTOPVIB 
LOC_Os03g12530,OsMTP8.1 
LOC_Os01g03914,OsMTP9 
LOC_Os02g28970,OsMTR1 
LOC_Os01g71960,OsMUS81 
LOC_Os01g55280,OsMY1 
LOC_Os05g35500,Osmyb1 
LOC_Os08g05520,OsMYB103L|CEF1 
LOC_Os01g09640,OsMYB1R1 
LOC_Os03g20090,Osmyb2 
LOC_Os05g04820,OsMYB2P-1 
LOC_Os03g29614,Osmyb3 
LOC_Os01g62410,OsMYB3R-2 
LOC_Os04g43680,Osmyb4 
LOC_Os12g33070,OsMYB46 
LOC_Os01g74410,OsMYB48-1 
LOC_Os11g35390,OsMYB4P 
LOC_Os05g41166,Osmyb5 
LOC_Os04g49450,OsMYB511 
LOC_Os05g48010,OsMYB55 
LOC_Os04g39470,OsMYB80 
LOC_Os12g38400,OsMYB91 
LOC_Os01g59660,OsMYBGA|OsGAMYB 
LOC_Os01g34060,OsMYBS1 
LOC_Os10g41260,OsMYBS2 
LOC_Os10g42430,OsMYC2 
LOC_Os02g57190,osmyoXIB 
LOC_Os02g20360,OsNAAT1 
LOC_Os02g19970,OsNAAT2 
LOC_Os02g19924,OsNAAT3 
LOC_Os06g23684,OsNAAT4 
LOC_Os11g35040,OsNAAT5 
LOC_Os11g42510,OsNAAT6 
LOC_Os03g60080,OsNAC19|SNAC1|OsNAC9 
LOC_Os04g38720,OsNAC2|OsTIL1|OMTN2|OsORE1 
LOC_Os07g12340,OsNAC3 
LOC_Os01g60020,OsNAC4 
LOC_Os11g08210,OsNAC5 
LOC_Os01g66120,OsNAC6|SNAC2 
LOC_Os01g48960,OsNADH-GOGAT1 
LOC_Os05g48200,OsNADH-GOGAT2 
LOC_Os05g32210,OsNADK3 
LOC_Os04g46460,OsNAGK1|NAGK1 
LOC_Os02g44000,OsNAGK2|NAGK2 
LOC_Os03g21060,OsNAP 
LOC_Os01g03650,OsNAP6 
LOC_Os02g36710,OsNAPL6 
LOC_Os03g62110,OsNaPRT1 
LOC_Os04g35060,OsNaPRT2 
LOC_Os02g38230,OsNAR2.1 
LOC_Os04g40410,OsNAR2.2 
LOC_Os03g19427,OsNAS1 
LOC_Os03g19420,OsNAS2 
LOC_Os07g48980,OsNAS3 
LOC_Os02g47510,OsNCED1 
LOC_Os12g24800,OsNCED2 
LOC_Os03g44380,OsNCED3 
LOC_Os07g05940,OsNCED4 
LOC_Os12g42280,OsNCED5 
LOC_Os07g30970,OsNDPK1 
LOC_Os12g36194,OsNDPK2|WSL12 
LOC_Os05g51700,OsNDPK3 
LOC_Os04g58860,OsNDR1 
LOC_Os07g08000,OsNek3 
LOC_Os03g48970,OsNF-YA4 
LOC_Os08g09690,OsNF-YA7 
LOC_Os02g49410,OsNF-YB1 
LOC_Os12g44360,OsNHA1|OsSOS1 
LOC_Os07g47100,OsNHX1 
LOC_Os05g05590,OsNHX2|OsNHX3 
LOC_Os06g21360,OsNHX4 
LOC_Os09g11450,OsNHX5 
LOC_Os02g53130,OsNIA1|OsNia1 
LOC_Os02g39400,OsNIC 
LOC_Os03g20020,OsNIN1 
LOC_Os02g32730,OsNIN3 
LOC_Os05g48500,OsNINJA1 
LOC_Os04g41850,OsNIN-like2 
LOC_Os01g13540,OsNIN-like3 
LOC_Os11g16290,OsNIN-like4 
LOC_Os10g36924,OsNIP3;1 
LOC_Os10g42320,OsNMD3 
LOC_Os02g01440,OsNOA1 
LOC_Os12g13800,OsNOMT 
LOC_Os06g40570,Osnop 
LOC_Os10g38050,OsNP1 
LOC_Os12g44100,OsNPF2.2 
LOC_Os03g48180,OsNPF2.4 
LOC_Os04g23890,OsNPH1b 
LOC_Os01g50420,OsNPK1-PK|OsMAPKKK62 
LOC_Os01g09800,OsNPR1 
LOC_Os06g50120,OsNPSN11 
LOC_Os03g25390,OsNPSN12 
LOC_Os07g44350,OsNPSN13 
LOC_Os07g15460,OsNRAMP1 
LOC_Os06g46310,OsNRAMP3 
LOC_Os07g15370,OsNRAMP5 
LOC_Os10g40600,OsNRT1.3|NRT1.1B|OsNPF6.5 
LOC_Os02g02170,OsNRT2.1 
LOC_Os02g02190,OsNRT2.2 
LOC_Os01g50820,OsNRT2.3 
LOC_Os01g36720,OsNRT2.4 
LOC_Os03g29480,OsNSP1 
LOC_Os03g15680,OsNSP2 
LOC_Os02g40030,OsNST1|BC14 
LOC_Os08g06140,OsNTL2 
LOC_Os04g52960,OsNUC1 
LOC_Os03g22890,OsNug2 
LOC_Os03g45400,OsNUS1|V1 
LOC_Os03g44150,OsOAT 
LOC_Os12g37410,OsOBF1|OsbZIP87 
LOC_Os07g47300,OsObgC1 
LOC_Os01g43610,OsOFP2 
LOC_Os01g64430,OsOFP8 
LOC_Os08g38900,OsOMT26|ROMT-15|ROMT15 
LOC_Os06g11290,OsOPR1 
LOC_Os08g35740,OsOPR7 
LOC_Os09g20090,OsORAP1 
LOC_Os06g08790,OsORC1 
LOC_Os03g08640,OsORC2 
LOC_Os10g26280,OsORC3 
LOC_Os01g49010,OsORC4 
LOC_Os03g55200,OsORC5 
LOC_Os07g43540,OsORC6 
LOC_Os06g43710,OsOS9 
LOC_Os01g50940,OsOsbHLH010 
LOC_Os11g35710,OsOSC11|OsIAS1 
LOC_Os02g47360,OSOTP51 
LOC_Os06g29310,OsOTS1 
LOC_Os12g41380,OsOTS2 
LOC_Os04g41160,OsOxi1 
LOC_Os03g22770,OsP|OsBBX9 
LOC_Os01g71990,OsP5CR 
LOC_Os05g38150,OsP5CS|OsP5CS1 
LOC_Os03g08280,OsPAA1 
LOC_Os07g42260,OsPAA2 
LOC_Os02g41650,OsPAL 
LOC_Os03g05310,OsPAO 
LOC_Os01g51320,OsPAO1|PAO1 
LOC_Os01g56880,OsPAP10a 
LOC_Os09g32840,OsPAP2 
LOC_Os01g16040,OsPAPST1 
LOC_Os03g37984,OsPAR1 
LOC_Os02g30900,OsPBL1 
LOC_Os12g36840,OsPBZ15 
LOC_Os12g36860,OsPBZ19 
LOC_Os11g46230,OsPCBP 
LOC_Os03g55490,OspCKII 
LOC_Os01g74020,OsPCL1 
LOC_Os02g56130,OsPCNA|PCNA 
LOC_Os10g02300,OsPCR1 
LOC_Os05g39310,OsPDC1 
LOC_Os03g18220,OsPDC2 
LOC_Os07g49250,OsPDC3 
LOC_Os05g47446,OsPDCD5 
LOC_Os01g37510,OsPDF1A 
LOC_Os01g45070,OsPDF1B 
LOC_Os01g44980,OsPDF1B2 
LOC_Os07g44330,OsPDK1 
LOC_Os09g16330,OsPDR20 
LOC_Os01g08260,OsPDR6|OsABCG31 
LOC_Os01g42380,Ospdr9 
LOC_Os03g08570,OsPDS 
LOC_Os03g13810,OsPE 
LOC_Os03g19010,OsPEX11 
LOC_Os08g39080,OsPEX5 
LOC_Os09g05020,OsPFA-DSP1 
LOC_Os02g53160,OsPFA-DSP2 
LOC_Os05g01380,OsPGIP1 
LOC_Os05g01444,OsPGIP4 
LOC_Os02g07260,OsPGK2a 
LOC_Os01g04190,OsPGLCT 
LOC_Os08g45190,OsPGR5 
LOC_Os01g65900,OsPH1 
LOC_Os07g09000,OsPHF1 
LOC_Os03g58570,OsPHF1L 
LOC_Os03g24380,OsPHGPX 
LOC_Os02g52040,OsPHI-1 
LOC_Os01g02000,OsPHO1;1 
LOC_Os02g56510,OsPHO1;2 
LOC_Os04g53300,OsPHR1|PHR1 
LOC_Os07g25710,OsPHR2 
LOC_Os02g04640,OsPHR3 
LOC_Os06g49040,OsPHR4 
LOC_Os06g08580,OsPHT1 
LOC_Os03g05620,OsPht1;1|OsPT1 
LOC_Os06g21950,OsPht1;10|OsPT10 
LOC_Os01g46860,OsPht1;11|OsPT11 
LOC_Os03g05610,OsPht1;12|OsPT12 
LOC_Os04g10800,OsPht1;13|OsPT13 
LOC_Os03g05640,OsPht1;2|OsPT2 
LOC_Os10g30770,OsPht1;3|OsPT3 
LOC_Os04g10750,OsPht1;4|OsPT4 
LOC_Os04g10690,OsPht1;5|OsPT5 
LOC_Os03g04360,OsPht1;7|OsPT7 
LOC_Os10g30790,OsPht1;8|OsPT8 
LOC_Os06g21920,OsPht1;9|OsPT9 
LOC_Os06g08610,OsPHT2 
LOC_Os03g50320,OsPI4K1 
LOC_Os11g10420,OsPI4K2 
LOC_Os11g07980,OsPIANK1 
LOC_Os12g42020,OsPID 
LOC_Os01g07940,OsPIDlike 
LOC_Os12g41650,OsPIL11 
LOC_Os03g43810,OsPIL12 
LOC_Os03g56950,OsPIL13|OsPIL1 
LOC_Os07g05010,OsPIL14|OsPIF14 
LOC_Os01g18290,OsPIL15 
LOC_Os08g44280,OsPIMT1 
LOC_Os04g40540,OsPIMT2 
LOC_Os02g50960,OsPIN1|REH1|PIN1b 
LOC_Os06g44970,OsPIN2 
LOC_Os01g45550,OsPIN3t 
LOC_Os08g41720,OsPIN5b 
LOC_Os02g44630,OsPIP1;1|RWC1 
LOC_Os04g47220,OsPIP1;2 
LOC_Os04g44060,OsPIP2;3 
LOC_Os07g26630,OsPIP2;4 
LOC_Os07g26660,OsPIP2;5 
LOC_Os04g16450,OsPIP2;6 
LOC_Os09g36930,OsPIP2;7 
LOC_Os03g49510,OsPIPK1 
LOC_Os11g05110,OsPK1 
LOC_Os06g29810,OsPK10|Pid2 
LOC_Os10g34360,OsPKS1|YY2 
LOC_Os06g40170,OsPLDalpha4 
LOC_Os06g40180,OsPLDalpha5 
LOC_Os10g38060,OsPLDbeta1 
LOC_Os04g45010,OsPLIM2b 
LOC_Os06g45120 ,OsPLS1 
LOC_Os05g31670,OsPM19L1 
LOC_Os03g19610,OsPME1 
LOC_Os08g01670,OsPMEI28 
LOC_Os04g58580,OsPMM 
LOC_Os02g37920,OsPMS1 
LOC_Os06g39640,OsPNH1 
LOC_Os01g19020,OsPOD|prx11 
LOC_Os06g13020,OsPollambda 
LOC_Os01g64980,Os-POLLUX 
LOC_Os08g07840,OsPOLP1 
LOC_Os02g18850,OsPOP5 
LOC_Os04g58200,OsPORA 
LOC_Os10g35370,OsPORB|FGL 
LOC_Os01g15830,OsPOX1|ddOs319 
LOC_Os02g05630,OsPP18|OsPP2C10 
LOC_Os03g16110,OsPP1c 
LOC_Os06g37660,OsPP2A-1 
LOC_Os03g59060,OsPP2A-2 
LOC_Os02g12580,OsPP2A-3 
LOC_Os10g33680,OsPP2AB 
LOC_Os01g62760,OsPP2C09|OsPP15|OsPYL2 
LOC_Os05g38290,OsPP2C49 
LOC_Os05g49730,OsPP2C51 
LOC_Os01g11054,Osppc4 
LOC_Os03g31750,OsPPDKA 
LOC_Os10g11140,OspPGM 
LOC_Os05g10650,OsPPi-PFK 
LOC_Os05g05240,OsPPKL2 
LOC_Os12g42310,OsPPKL3 
LOC_Os03g14950,OspPLAIIIalpha 
LOC_Os09g24680,OsPPR1 
LOC_Os08g23320,OsPPT1 
LOC_Os12g36880,OsPR10a|PBZ1 
LOC_Os12g36850,OsPR10b|OsPBZc 
LOC_Os07g03710,OsPR1a|OsSCP 
LOC_Os01g28450,OsPR1b 
LOC_Os12g43430,OsPR5|Pir2|PR-5|PR5-1 
LOC_Os05g39670,OsPRA1 
LOC_Os06g50060,OsPRA2 
LOC_Os12g09540,OsPRAGL 
LOC_Os02g47020,OsPrk 
LOC_Os10g40360,OsProDH 
LOC_Os03g44230,OsProT|ProT 
LOC_Os05g13900,OsPRP|RePRP1.1 
LOC_Os10g05750,OsPRP3 
LOC_Os02g40510,OsPRR1 
LOC_Os11g08569,OsPS1|OsOSC7 
LOC_Os01g64960,OsPsbS|psbS1 
LOC_Os06g42680,OsPSK 
LOC_Os09g38320,OsPSY|OsPSY3 
LOC_Os03g60910,OspTAC2 
LOC_Os06g09370,OsPTF1 
LOC_Os05g04520,OsPti1a 
LOC_Os12g07590,OsPTP1 
LOC_Os11g07850,OsPTP2 
LOC_Os04g50950,OsPTR6|PTR6 
LOC_Os06g49250,OsPTR9|OsNPF8.20 
LOC_Os08g01900,OsPUB15 
LOC_Os05g36360,OsPUB44 
LOC_Os12g30520,OsPuf4 
LOC_Os05g48300,OsPUP7 
LOC_Os02g47210,OsPUT1 
LOC_Os12g39080,OsPUT2 
LOC_Os05g12260,OsPYL|RCAR5 
LOC_Os10g42280,OsPYL1 
LOC_Os01g15340,OsRAA1 
LOC_Os06g35814,OsRab11 
LOC_Os12g43550,OsRab5a|gpa1|glup4 
LOC_Os03g09140,OsRab6a 
LOC_Os05g44050,OsRab7|OsRab7B3 
LOC_Os01g12900,OsRac1 
LOC_Os02g02840,OsRacB 
LOC_Os02g58730,OsRacD|OsRac5 
LOC_Os01g62990,OsRacGEF1 
LOC_Os09g37270,OsRacGEF2 
LOC_Os01g49290,OsRACK1A 
LOC_Os06g04190,OsRAD1 
LOC_Os01g67250,OsRAD21-1 
LOC_Os04g41110,OsRAD21-2 
LOC_Os08g16610,OsRAD21-3 
LOC_Os05g50410,OsRad21-4|OsREC8 
LOC_Os09g24200,osRAD23 
LOC_Os11g40150,OsRad51|OsRad51A1 
LOC_Os12g31370,OsRad51A2 
LOC_Os09g01680,OsRAD51D 
LOC_Os03g57790,OsRad6 
LOC_Os03g08470,OsRAF 
LOC_Os02g29150,OsRALyase 
LOC_Os05g49890,OsRAN2 
LOC_Os04g32620,OsRap2.6 
LOC_Os02g33180,OsRAR1 
LOC_Os01g04800,OsRAV2 
LOC_Os10g21268,OsrbcL1 
LOC_Os02g05830,OsRBCS1 
LOC_Os12g17600,OsRBCS2 
LOC_Os12g19381,OsRBCS3|OsRBCS5 
LOC_Os12g19470,OsRBCS4 
LOC_Os12g01010,OsRBD1 
LOC_Os12g35610,Osrboh9 
LOC_Os01g53294,OsrbohA|Osrboh2 
LOC_Os09g26660,OsrbohB|Osrboh7 
LOC_Os05g45210,OsrbohD|Osrboh5 
LOC_Os08g35210,OsrbohE|Osrboh6 
LOC_Os08g42600,OsRBR1 
LOC_Os11g47970,OsrcaA1|OsrcaA2 
LOC_Os10g25030,OsRCCR1 
LOC_Os03g17790,OsRCI2-5 
LOC_Os04g44820,OsRDCP1 
LOC_Os02g50330,OsRDR1 
LOC_Os01g34350,OsRDR6|shl-2 
LOC_Os11g44910,OsRecQ1 
LOC_Os04g35420,OsRecQl4 
LOC_Os08g42640,OsRFPH2-10 
LOC_Os05g01990,OsRH17 
LOC_Os01g45190,OsRH2 
LOC_Os03g36930,OsRH34 
LOC_Os07g43980,OsRH36 
LOC_Os03g49900,OsRHC1 
LOC_Os06g08500,OsRHL1 
LOC_Os02g52210,OsRING-1 
LOC_Os11g01190,OsRINGC2-1 
LOC_Os12g01190,OsRINGC2-2 
LOC_Os07g37090,OSRIP18 
LOC_Os03g07430,OsRLCK102 
LOC_Os03g16740,OsRLCK107 
LOC_Os03g60710,OsRLCK118 
LOC_Os05g02020,OsRLCK176 
LOC_Os05g30870,OsRLCK185 
LOC_Os08g28710,OsRLCK253 
LOC_Os01g71000,OsRLCK55 
LOC_Os01g74200,OsRLCK57 
LOC_Os02g09960,OsRLK2|OsNFR5 
LOC_Os04g56430,OsRMC|OsRLK 
LOC_Os11g06750,OsRML1 
LOC_Os03g07130,OsRMR1 
LOC_Os04g51400,OsRMT1 
LOC_Os01g28970,OsRNAG 
LOC_Os09g36680,OsRNS4|OsRRP 
LOC_Os09g12770,OsROC1|OsMYBc 
LOC_Os05g38000,OsRopGEF10|BGL 
LOC_Os11g03400,OsRP1 
LOC_Os03g11540,OsRPA1|OsRPA70b 
LOC_Os01g14980,OsRPA14 
LOC_Os02g53680,OsRPA1a 
LOC_Os02g58220,OsRPA2|OsRPA32-1 
LOC_Os04g32350,OsRPC53 
LOC_Os04g24140,OsRPI|RPI 
LOC_Os07g41140,OsRPK1 
LOC_Os03g51510,OsRpl6-1 
LOC_Os09g07120,OsRpoTm 
LOC_Os06g44230,OsRpoTp 
LOC_Os02g10640,OsRPT4 
LOC_Os04g36070,OsRR1 
LOC_Os02g35180,OsRR2 
LOC_Os06g08440,OsRR22|HST1 
LOC_Os02g58350,OsRR3 
LOC_Os01g72330,OsRR4 
LOC_Os04g44280,OsRR5 
LOC_Os04g57720,OsRR6 
LOC_Os07g26720,OsRR7 
LOC_Os08g28900,OsRR8 
LOC_Os11g04720,OsRR9 
LOC_Os09g12730,OsRRM 
LOC_Os09g34070,OsRRMh 
LOC_Os01g51430,OsRTH1 
LOC_Os05g46240,OsRTH2 
LOC_Os03g58520,OsRTH3 
LOC_Os03g61990,OsRZ1 
LOC_Os07g08960,OsRZ2 
LOC_Os03g47800,OsRZ3 
LOC_Os01g52110,OsRZFP34 
LOC_Os04g13140,OsSAG12 
LOC_Os08g44270,OsSAG12-2 
LOC_Os12g08280,OsSAL1|RHL 
LOC_Os01g24710,OsSalT 
LOC_Os01g22010,OsSAM2 
LOC_Os01g18860,OsSAM3 
LOC_Os04g42090,OsSAMDC 
LOC_Os05g04510,OsSAMS1 
LOC_Os09g01000,OsSAP 
LOC_Os06g43640,OsSAP1 
LOC_Os07g38240,OsSAP16 
LOC_Os03g55600,OsSAPK8|SAPK8 
LOC_Os01g23620,OsSar1a 
LOC_Os12g37360,OsSar1b 
LOC_Os01g15010,OsSar1c 
LOC_Os06g12090,OsSar1d 
LOC_Os01g45750,Ossbf1 
LOC_Os01g68770,OsSBP 
LOC_Os07g37740,OsSCAMP1 
LOC_Os03g18710,OsSCAR2 
LOC_Os10g01134,OsSCP46 
LOC_Os12g02870,OsSCR 
LOC_Os08g17680,OsSDF2-1 
LOC_Os08g34190,OsSDF2-2 
LOC_Os03g16570,OsSDIR1 
LOC_Os07g48640,OsSDR 
LOC_Os05g44310,OsSec18 
LOC_Os02g56500,OsSEC24 
LOC_Os08g01130,OsSEND-1 
LOC_Os04g38480,OsSERK2 
LOC_Os06g12120,OsSERK3 
LOC_Os02g18320,OsSERK4 
LOC_Os05g41172,OsSET22|SDG728|OsSUVH8 
LOC_Os10g35560,OsSFR6 
LOC_Os02g04130,OsSGL 
LOC_Os02g55570,OsSGO1 
LOC_Os04g59610,OsSGRL 
LOC_Os12g09580,OsSGS3 
LOC_Os01g43540,OsSGT1 
LOC_Os09g34250,OsSGT1 
LOC_Os03g44710,OsSh1 
LOC_Os03g52840,OsSHM1|OsSHMT1 
LOC_Os07g39820,OsSHR1 
LOC_Os03g31880,OsSHR2 
LOC_Os06g47860,OsSIDP366 
LOC_Os08g06630,OsSIG1 
LOC_Os11g26160,OsSIG2A 
LOC_Os05g50930,OsSIG5 
LOC_Os08g14450,OsSIG6 
LOC_Os06g03970,OsSIK1 
LOC_Os07g08860,OsSIK2 
LOC_Os03g22510,OsSIN 
LOC_Os09g15670,OsSIPP2C1|OsPP2C68|OsPP108 
LOC_Os09g19140,OsSIRK1 
LOC_Os05g40980,OsSIRP1 
LOC_Os05g03430,OsSIZ1 
LOC_Os03g50980,OsSIZ2 
LOC_Os02g51410,OsSK1 
LOC_Os06g12150,OsSK2 
LOC_Os04g54800,OsSK3 
LOC_Os01g01302,OsSK4|OsSKL1 
LOC_Os01g04814,OsSKD1 
LOC_Os02g52250,OsSKIPa 
LOC_Os12g16720,OsSL 
LOC_Os01g45860,OsSLRL1 
LOC_Os05g49930,OsSLRL2 
LOC_Os07g01770,OsSMCP1 
LOC_Os07g10600,Ossmt1-1 
LOC_Os03g04340,Ossmt2-1 
LOC_Os02g24080,OsSNAP32 
LOC_Os05g40260,OsSNAT1 
LOC_Os08g01170,OsSNAT2 
LOC_Os10g03400,OsSNDP1 
LOC_Os06g40620,OsSNF7 
LOC_Os04g32930,OsSnm1 
LOC_Os11g30910,OsSOT1|STV11 
LOC_Os02g44590,OsSP1 
LOC_Os07g22600,OsSPDS1 
LOC_Os06g33710,OsSPDS2 
LOC_Os01g01080,OsSPL 
LOC_Os01g18850,OsSPL1 
LOC_Os07g32170,OsSPL13 
LOC_Os08g39890,OsSPL14|IPA1|WFP 
LOC_Os05g33810,OsSPL9 
LOC_Os03g54091,OsSPO11-1|OsTOP6A1 
LOC_Os12g42760,OsSpo11-4|OsSPO11D 
LOC_Os11g34270,OsSpo11-5 
LOC_Os01g27880,OsSPP 
LOC_Os02g02530,OsSPP1 
LOC_Os05g36070,OsSPP2 
LOC_Os01g67290,Osspr1 
LOC_Os11g12810,OsSPS11 
LOC_Os05g50550,OsSPS2 
LOC_Os04g25550,Osspt16 
LOC_Os06g40120,OsSPX1 
LOC_Os02g10780,OsSPX2 
LOC_Os10g25310,OsSPX3 
LOC_Os03g61200,OsSPX4 
LOC_Os03g29250,OsSPX5 
LOC_Os07g42330,OsSPX6 
LOC_Os04g48390,OsSPX-MFS1|OsPSS1 
LOC_Os02g45520,OsSPX-MFS2 
LOC_Os06g03860,OsSPX-MFS3|OsPSS3 
LOC_Os09g34990,OsSPX-MFS4|OSPSS4 
LOC_Os08g44510,OsSPY 
LOC_Os01g04920,OsSQD2 
LOC_Os03g22680,OsSRFP1 
LOC_Os02g10100,OsSRK 
LOC_Os10g42710,OsSRO1a 
LOC_Os03g12820,OsSRO1c 
LOC_Os04g20270,OsSRT1 
LOC_Os06g07760,OsSrx 
LOC_Os06g06560,OsSSI|SSS1 
LOC_Os01g69080,OsSSI2 
LOC_Os08g09230,OsSSIIIa|Flo5 
LOC_Os05g45720,OsSSIVb 
LOC_Os01g04260,OsSTE1|OsDWF7 
LOC_Os01g61620,OsSTK1 
LOC_Os05g40180,OsSTN8 
LOC_Os04g45960,OsSub42|OsSP2 
LOC_Os01g02890,OsSUI1|OsPSS 
LOC_Os04g55800,OsSULTR3;3 
LOC_Os04g24430,OsSUS5 
LOC_Os04g17650,OsSUS7 
LOC_Os03g07480,OsSUT1 
LOC_Os12g44380,OsSUT2|OsSUT2M 
LOC_Os10g26470,OsSUT3 
LOC_Os02g58080,OsSUT4 
LOC_Os02g36700,OsSUT5|OsSUT5Z 
LOC_Os03g53500,OsSUV3|SUV3 
LOC_Os03g46340,OsSWAP70A 
LOC_Os07g04550,OsSWAP70B 
LOC_Os02g19820,OsSWEET4 
LOC_Os05g51090,OsSWEET5 
LOC_Os11g08080,OsSWI3C|OsCHB705|CHB705 
LOC_Os04g31320,OsSWIB 
LOC_Os06g04090,OsSWN1 
LOC_Os08g02300,OsSWN2 
LOC_Os08g01330,OsSWN3 
LOC_Os10g38834,OsSWN4 
LOC_Os03g03540,OsSWN5 
LOC_Os04g45340,OsSWN6 
LOC_Os06g01480,OsSWN7 
LOC_Os06g14410,OsSYD|CHR720 
LOC_Os05g48020,OsSYP71 
LOC_Os04g39900,OsTAGG1|Os4BGlu13 
LOC_Os05g07720,OsTAR1 
LOC_Os01g31680,OsTATC 
LOC_Os03g49880,OsTB1|FC1|SCM3 
LOC_Os12g01560,OsTBL1 
LOC_Os11g01570,OsTBL2 
LOC_Os03g45410,OsTBP2 
LOC_Os04g35560,OsTCHQD1 
LOC_Os06g12230,OsTCP19 
LOC_Os07g05720,OsTCP21 
LOC_Os11g43900,OsTCTP 
LOC_Os12g28750,OsTDL1A|MIL2 
LOC_Os10g14020,OsTDL1B 
LOC_Os02g04160,OsTEF1 
LOC_Os12g19549,OsTERT 
LOC_Os01g57890,OSTF1 
LOC_Os09g36440,OsTFIIB 
LOC_Os05g43450,OsTFIIF2-1 
LOC_Os01g56550,OsTFIIF2-2 
LOC_Os09g29820,OsTFX1 
LOC_Os09g31390,OsTGA10 
LOC_Os12g05680,OsTGA912 
LOC_Os04g54474,OsTGAP1|OsbZIP37 
LOC_Os06g20320,OsTIG 
LOC_Os05g05800,OsTIR1 
LOC_Os06g04270,OsTK 
LOC_Os09g32020,OsTKPR1|OsDFR2|OS-DFR2 
LOC_Os01g01280,OsTLP27 
LOC_Os03g50810,OsTMK 
LOC_Os10g39440,OsTMT1 
LOC_Os02g13560,OsTMT2 
LOC_Os03g17610,OsTOP6A3 
LOC_Os09g10770,OsTOP6B 
LOC_Os01g48680,OsTPC1 
LOC_Os03g54100,OsTPKa 
LOC_Os07g01810,OsTPKb 
LOC_Os08g06480,OsTPL|ASP1|OsLIS-L1 
LOC_Os02g44230,OsTPP1 
LOC_Os06g11840,OsTPP2 
LOC_Os09g20390,OsTPP7 
LOC_Os05g44210,OsTPS1 
LOC_Os04g27340,OsTPS20 
LOC_Os04g27790,OsTPS24 
LOC_Os01g53000,OsTPS3 
LOC_Os01g40670,OsTRBF1 
LOC_Os12g41920,OsTRBF2 
LOC_Os01g51154,OsTRBF3 
LOC_Os10g37660,OsTRE1 
LOC_Os09g04890,OsTrx1|SDG723 
LOC_Os04g53740,OsTrx15 
LOC_Os01g68480,OsTRX2 
LOC_Os07g08840,OsTrx23|OsTRXh1 
LOC_Os03g58630,OsTrxh4 
LOC_Os12g08730,Ostrxm 
LOC_Os07g08430,OsTSA|pOsTSA 
LOC_Os02g51860,OsTSD2 
LOC_Os03g26970,OsTT1|OsPAB1 
LOC_Os01g59150,Ostub16 
LOC_Os03g45920,OsTUB8 
LOC_Os03g51600,OsTubA1 
LOC_Os02g32350,OsTudor-SN 
LOC_Os03g50740,OsTVLP1 
LOC_Os05g10670,OsTZF1 
LOC_Os09g37720,OsU11|U12-31K 
LOC_Os12g40550,OsUAH 
LOC_Os03g40270,OsUAM1 
LOC_Os04g56520,OsUAM2 
LOC_Os07g41360,OsUAM3 
LOC_Os08g10600,OsUAP1|SPL29 
LOC_Os01g48280,OsUBC13 
LOC_Os01g46926,OsUBC5a 
LOC_Os02g16040,OsUBC5b 
LOC_Os01g22490,OsUBI5|UBQ5 
LOC_Os01g36930,OsUBP6 
LOC_Os11g48040,OsUCP2 
LOC_Os09g38030,OsUgp1|Ugp1|UGPase1 
LOC_Os02g02560,OsUgp2|Ugp2 
LOC_Os04g59550,OsUGT1 
LOC_Os08g01410,OsUGT2 
LOC_Os07g39280,OsUGT3 
LOC_Os06g39260,OsUGT4 
LOC_Os01g57240,OsULT1 
LOC_Os03g13740,OsUPS 
LOC_Os07g47620,OsUsp1 
LOC_Os04g39970,OsV4 
LOC_Os08g32130,OsV5B 
LOC_Os10g06540,OsVAMP714 
LOC_Os08g12430,OsVIL1 
LOC_Os12g34850,OsVIL2 
LOC_Os05g05310,OsVIL4 
LOC_Os04g38940,OsVIT1 
LOC_Os09g23300,OsVIT2 
LOC_Os05g43950,OsVOZ2 
LOC_Os01g68370,OSVP1|VP1 
LOC_Os01g37910,OsVPE2 
LOC_Os02g43010,OsVPE3|REP-2 
LOC_Os05g51570,OsVPE4 
LOC_Os03g43860,OsVPS2 
LOC_Os09g36020,OsVPS22 
LOC_Os03g16150,OsVTC1-3|OsMPG3 
LOC_Os08g13930,OsVTC1-8 
LOC_Os02g17650,OsVTE1 
LOC_Os01g04409,OsWAK1 
LOC_Os10g10130,OsWAK112d 
LOC_Os02g42150,OsWAK14 
LOC_Os03g12470,OsWAK25 
LOC_Os09g38840,OsWAK90 
LOC_Os09g38850,OsWAK91 
LOC_Os09g38910,OsWAK92 
LOC_Os09g31140,OsWIP6 
LOC_Os06g49430,OsWJUMK1|OsMPK12|OsBWMK1 
LOC_Os04g55590,OsWOX4 
LOC_Os02g10760,OsWR1 
LOC_Os01g43650,OsWRKY11 
LOC_Os01g43550,OsWRKY12 
LOC_Os01g54600,OsWRKY13|WRKY13 
LOC_Os01g53040,OsWRKY14|OsWRKY33 
LOC_Os01g60490,OsWRKY22 
LOC_Os01g53260,OsWRKY23 
LOC_Os01g61080,OsWRKY24 
LOC_Os06g44010,OsWRKY28 
LOC_Os08g38990,OsWRKY30 
LOC_Os06g30860,OsWRKY31 
LOC_Os03g55164,OsWRKY4 
LOC_Os02g26430,OsWRKY42|WRKY42 
LOC_Os05g25770,OsWRKY45|WRKY45 
LOC_Os07g48260,OsWRKY47 
LOC_Os04g21950,OsWRKY51 
LOC_Os05g27730,OsWRKY53 
LOC_Os03g20550,OsWRKY55|WRKY55a|WRKY55b 
LOC_Os03g58420,OsWRKY6 
LOC_Os09g25070,OsWRKY62 
LOC_Os02g08440,OsWRKY71 
LOC_Os11g29870,OsWRKY72 
LOC_Os09g16510,OsWRKY74 
LOC_Os09g25060,OsWRKY76 
LOC_Os07g39480,OsWRKY78 
LOC_Os05g50610,OsWRKY8 
LOC_Os09g30400,OsWRKY80 
LOC_Os08g17400,OsWRKY82 
LOC_Os11g02520,OsWRKY89 
LOC_Os04g40590,OsWS1 
LOC_Os10g32540,OsWSL3 
LOC_Os05g15880,OsXIP 
LOC_Os01g49680,OsXPB2 
LOC_Os06g05190,OsXRCC1 
LOC_Os08g13920,OsXTH8 
LOC_Os11g33270,OsXTR1|XTH2 
LOC_Os03g18820,OsXXT1 
LOC_Os08g39380,OsXylT|RCN11 
LOC_Os07g06620,OsYABBY1|OsYAB1 
LOC_Os10g36420,OsYABBY3|OsYAB4 
LOC_Os02g42950,OsYABBY4 
LOC_Os04g45330,OsYABBY5|OsYAB3|TOB1 
LOC_Os12g42610,OsYABBY6|OsYAB5 
LOC_Os07g38410,OsYABBY7 
LOC_Os08g09940,OsYchF1 
LOC_Os04g44320,OsYSL12 
LOC_Os04g44300,OsYSL13 
LOC_Os02g43410,OsYSL15 
LOC_Os04g45900,OsYSL16 
LOC_Os01g61390,OsYSL18 
LOC_Os02g43370,OsYSL2 
LOC_Os04g32050,OsYSL6 
LOC_Os12g08780,OsYUC11 
LOC_Os02g17230,OsYUC12 
LOC_Os01g16714,OsYUC9 
LOC_Os01g45760,OsYUCCA1|OsYUC1 
LOC_Os05g45240,OsYUCCA2 
LOC_Os01g53200,OsYUCCA3 
LOC_Os01g12490,OsYUCCA4 
LOC_Os12g32750,OsYUCCA5 
LOC_Os07g25540,OsYUCCA6|OsYUC6 
LOC_Os04g03980,OsYUCCA7 
LOC_Os07g10490,OsZDS 
LOC_Os06g04920,OsZFP1|SRZ3 
LOC_Os09g29130,OsZHD1 
LOC_Os08g37400,OsZHD2 
LOC_Os11g13930,OsZHD4 
LOC_Os01g74110,OsZIP1 
LOC_Os12g13170,OsZIP-1a|OsbZIP86 
LOC_Os11g05640,OsZIP-2a|OsbZIP80 
LOC_Os12g06010,osZIP-2b 
LOC_Os04g52310,OsZIP3 
LOC_Os08g10630,OsZIP4 
LOC_Os05g39560,OsZIP5 
LOC_Os05g07210,OsZIP6 
LOC_Os05g10940,OsZIP7a 
LOC_Os07g12890,OsZIP8 
LOC_Os03g06090,OsZNL 
LOC_Os06g43660,OVP1 
LOC_Os06g08080,OVP2 
LOC_Os02g55890,OVP3 
LOC_Os05g03780,OZT1|OsMTP1 
LOC_Os01g73880,p26 
LOC_Os10g32970,p28 
LOC_Os05g16250,P31comet 
LOC_Os11g09010,PAD4|OsPAD4 
LOC_Os03g01590,PAIR1 
LOC_Os09g32930,PAIR2 
LOC_Os10g26560,PAIR3 
LOC_Os04g28260,PAKRP1|OsKRP1 
LOC_Os02g41680,PAL|OsPAL4 
LOC_Os08g31470,PAY1 
LOC_Os11g37050,Pb1 
LOC_Os01g07090,Pbcp 
LOC_Os04g11830,PCF1 
LOC_Os08g43160,PCF2|OsPCF2 
LOC_Os11g07460,PCF3 
LOC_Os09g27830,PDIL2;3 
LOC_Os01g65230,PDK1 
LOC_Os02g14770,PEPC-1 
LOC_Os10g13700,PEPCK 
LOC_Os03g37490,PEZ1 
LOC_Os09g23730,PF1 
LOC_Os06g35970,PFL 
LOC_Os05g26350,PG5b|Prol-08 
LOC_Os03g56460,PGI1 
LOC_Os06g14510,PGI2 
LOC_Os03g07510,PGL1 
LOC_Os02g51320,PGL2|OsBUL1 
LOC_Os01g26920,PHD1 
LOC_Os03g55090,Pho1 
LOC_Os01g63270,Pho2 
LOC_Os12g01140,phot1a 
LOC_Os03g51030,PHYA|OsPhyA 
LOC_Os03g19590,PHYB|OsphyB 
LOC_Os03g54084,PHYC 
LOC_Os04g32850,Pi21 
LOC_Os06g22460,Pi25|Pid3 
LOC_Os01g57310,Pi37 
LOC_Os05g08810,PI3K 
LOC_Os06g17900,Pi9|Piz-t|Pi2 
LOC_Os08g42700,PIBH8 
LOC_Os11g46210,Pikp-2 
LOC_Os12g26290,PIOX|RalphaO 
LOC_Os01g70860,Pir7a 
LOC_Os01g70850,Pir7b 
LOC_Os01g57340,PISH 
LOC_Os01g05620,Pit 
LOC_Os12g18360,Pita|Pi-4a 
LOC_Os05g43840,PK4|OsPK4|OsCIPK19 
LOC_Os10g26340,PLA1 
LOC_Os01g68000,PLA2|LHD2 
LOC_Os02g58500,PLA2-I 
LOC_Os03g15460,PLA2-II 
LOC_Os03g57660,PLA3 
LOC_Os01g17170,PNZIP 
LOC_Os07g48020,POX22.3 
LOC_Os07g48050,POX3006|prx114 
LOC_Os07g48040,POX5.1|prx113 
LOC_Os07g48010,POX8.1|prx110 
LOC_Os10g02070,POXA|prx126 
LOC_Os07g48030,POXGX9|prx112 
LOC_Os03g13210,POXN|prx38 
LOC_Os09g07510,PP2A-A 
LOC_Os07g05900,prog1 
LOC_Os08g06344,PRP5 
LOC_Os01g47330,PRPL12 
LOC_Os04g59440,psbS2 
LOC_Os07g42180,PSD 
LOC_Os01g60740,Psd1 
LOC_Os01g25484,PSR1 
LOC_Os08g02380,PSS1 
LOC_Os06g51290,PSY1 
LOC_Os12g43130,PSY2 
LOC_Os05g05280,PTB1 
LOC_Os09g27620,PTC1 
LOC_Os03g63010,PTOX1 
LOC_Os01g50910,pwsi18|WSI18 
LOC_Os07g12900,qCdT7|OsHMA3 
LOC_Os08g41940,qGW8|OsSPL16|GW8 
LOC_Os01g63510,QHB 
LOC_Os03g01320,qLTG3-1 
LOC_Os09g28210,qRT9|OsbHLH120 
LOC_Os01g62920,qSH1 
LOC_Os05g32600,R2 
LOC_Os09g30320,RA8 
LOC_Os11g26790,RAB21|Rab16A|OsRab16A 
LOC_Os05g47890,RACK1B|OsWD40-122 
LOC_Os01g39630,RAD51C 
LOC_Os08g38810,RAFTIN1 
LOC_Os07g11360,RAG1 
LOC_Os07g11380,RAG2 
LOC_Os03g04310,RAI1 
LOC_Os01g15270,RAMY 
LOC_Os04g44470,RASI 
LOC_Os02g45850,RAV6 
LOC_Os04g49230,RAVL1 
LOC_Os11g14430,RBS1 
LOC_Os07g11020,Rc|qSD7-1|qPC7 
LOC_Os06g51060,RC24 
LOC_Os03g30470,RCH10 
LOC_Os03g17350,Rcn1|OsABCG5 
LOC_Os02g32950,RCN2 
LOC_Os07g29620,R-CPD3L|cbp31 
LOC_Os01g53240,RD22|OsBURP03|OsBURP3 
LOC_Os01g15900,RDD1 
LOC_Os03g58250,REB 
LOC_Os01g64380,REL1 
LOC_Os10g41310,REL2 
LOC_Os09g24480,REP1 
LOC_Os01g67980,REP-1|OsEP3A 
LOC_Os05g13940,RePRP1.2 
LOC_Os07g23660,RePRP2.1 
LOC_Os07g23640,RePRP2.2 
LOC_Os04g23550,RERJ1|OsOsbHLH006 
LOC_Os04g40020,Rf17|RMS 
LOC_Os10g35436,Rf1a|Rf5 
LOC_Os10g35640,Rf1b 
LOC_Os02g17380,Rf2 
LOC_Os09g34060,RF2a|OsbZIP75 
LOC_Os03g21800,RF2b|OsbZIP30 
LOC_Os10g35240,Rf4|PPR782a 
LOC_Os05g14170,RFC3 
LOC_Os08g41390,rFKBP64 
LOC_Os04g28420,rFKBP65|OsFKBP65 
LOC_Os02g28980,rFKBP75 
LOC_Os04g51000,RFL|APO2 
LOC_Os06g06300,RFT1 
LOC_Os12g30590,RGA2 
LOC_Os04g02110,RGA3 
LOC_Os11g11790,RGA4 
LOC_Os11g11810,RGA5 
LOC_Os03g46640,RGB1 
LOC_Os03g43480,RGG1 
LOC_Os09g10940,RGP1 
LOC_Os05g20050,rgp2 
LOC_Os05g30500,RH1 
LOC_Os01g32460,RH2 
LOC_Os01g32380,RH3 
LOC_Os11g47520,riceXIP 
LOC_Os04g33200,RIF1 
LOC_Os10g39620,RIF2 
LOC_Os04g15920,RIF3 
LOC_Os12g32284,RIF4 
LOC_Os03g02800,RIM1 
LOC_Os03g44070,Rim2 
LOC_Os12g03822,RIP1 
LOC_Os10g41980,Rir1b 
LOC_Os07g08420,RISBZ1|OsbZIP58 
LOC_Os02g16680,RITA1 
LOC_Os11g47580,RIXI|C10701 
LOC_Os11g46980,RKe 
LOC_Os10g40960,RL14 
LOC_Os09g23200,RL9|SLL1 
LOC_Os11g34350,RLI 
LOC_Os04g52130,RLIN1 
LOC_Os02g10900,RLS1 
LOC_Os04g58880,RLS2|OsEXO70A1 
LOC_Os03g38990,RLS3 
LOC_Os04g40930,rml1|RML1 
LOC_Os03g40920,RMtATP6 
LOC_Os01g56190,RNAhA 
LOC_Os07g43810,RNP29 
LOC_Os06g07210,RNRL1|V3 
LOC_Os02g56100,RNRL2 
LOC_Os06g14620,RNRS1|St1 
LOC_Os06g03720,RNRS2 
LOC_Os08g08820,Roc1 
LOC_Os04g48070,ROC4 
LOC_Os02g45250,Roc5|oul1 
LOC_Os01g11900,ROS1a 
LOC_Os01g70580,ROX1 
LOC_Os02g21510,ROX2 
LOC_Os06g12530,ROX3 
LOC_Os07g10570,RP6 
LOC_Os05g02040,RPA1c 
LOC_Os06g47830,RPA2c 
LOC_Os02g15350,RPBF|OsDof3 
LOC_Os03g07300,RPE 
LOC_Os06g13640,RPL1 
LOC_Os08g41300,rpL32_8.1 
LOC_Os01g67134,RPL5 
LOC_Os08g06550,RPP10|OsACBP1 
LOC_Os04g44870,Rpp16|OsPBP1 
LOC_Os01g62430,Rpp17|OsERG1 
LOC_Os10g39740,RPP31 
LOC_Os11g12340,RPR1 
LOC_Os08g02640,RPS14 
LOC_Os10g37340,RRJ1 
LOC_Os12g06520,RSG 
LOC_Os12g36830,RSOsPR10|OsPBZ14 
LOC_Os01g58240,RSP1 
LOC_Os05g03040,RSR1 
LOC_Os02g39390,RSS1 
LOC_Os11g25920,RSS3 
LOC_Os07g42490,RSUS3|SUS3 
LOC_Os02g57270,RTBP1 
LOC_Os07g48820,rTGA2.1|OsbZIP63|OsNIF1 
LOC_Os07g48430,rth1|OsAPY 
LOC_Os01g70440,RTS 
LOC_Os04g53620,RUBI3 
LOC_Os02g06640,rubq2 
LOC_Os01g41430,RUGT-5 
LOC_Os06g03610,RUPO 
LOC_Os08g08760,RURM1 
LOC_Os02g57720,RWC3|OsPIP1;3 
LOC_Os04g42140,Rymv1 
LOC_Os08g31219,S27 
LOC_Os08g31228,S28 
LOC_Os06g10990,S5(ORF3) 
LOC_Os06g11000,S5(ORF4) 
LOC_Os06g11010,S5(ORF5) 
LOC_Os07g27180,S7 
LOC_Os11g06410,SAB18 
LOC_Os12g32980,SAB23 
LOC_Os08g32690,SAD1 
LOC_Os01g15520,SAD1L 
LOC_Os01g39670,SaF 
LOC_Os01g39680,SaM 
LOC_Os09g25625,SAMDC1 
LOC_Os03g27280,SAPK1 
LOC_Os03g41460,SAPK10 
LOC_Os07g42940,SAPK2 
LOC_Os10g41490,SAPK3|REK 
LOC_Os01g64970,SAPK4|OSPDK 
LOC_Os04g59450,SAPK5 
LOC_Os02g34600,SAPK6|OSRK1 
LOC_Os04g35240,SAPK7 
LOC_Os12g39630,SAPK9 
LOC_Os09g37330,SAUR39 
LOC_Os03g14120,SCB3 
LOC_Os12g25090,Sci1|PR6 
LOC_Os01g66100,sd1|GA20ox2 
LOC_Os04g34980,SDG708 
LOC_Os01g70220,SDG714 
LOC_Os09g13740,SDG724|lvp1 
LOC_Os02g34850,SDG725 
LOC_Os02g39810,SDG736|OsSET9 
LOC_Os07g39700,Sdr4 
LOC_Os03g01230,SDRP 
LOC_Os03g12414,SDS|OsSDS 
LOC_Os06g44034,SDT 
LOC_Os06g44050,Sdt97 
LOC_Os01g72090,Se13|OsHY2 
LOC_Os03g05680,Se14 
LOC_Os06g40080,Se5|OsHY1|OsHO1|YGL2 
LOC_Os05g34730,SERF1 
LOC_Os04g46930,SerR 
LOC_Os01g09670,SF21 
LOC_Os09g28520,SG1 
LOC_Os02g52490,SGL1 
LOC_Os09g36200,SGR 
LOC_Os04g57530,sh4|SHA1 
LOC_Os05g38120,SH5 
LOC_Os04g55560,SHAT1 
LOC_Os04g43050,SHO1|OsDCL4 
LOC_Os02g42780,SIT1 
LOC_Os01g03840,SL1|OsJAG 
LOC_Os01g28840,SLAC7 
LOC_Os01g50520,SLB1|OsMAX1 
LOC_Os01g50580,SLB2 
LOC_Os08g44840,SLG 
LOC_Os01g50680,SLP1 
LOC_Os03g49990,SLR1|OsGAI 
LOC_Os05g32270,SMOS1|SHB 
LOC_Os01g09550,SNAC3 
LOC_Os07g13170,SNB 
LOC_Os01g45200,Snl6 
LOC_Os05g45420,SnRK1A 
LOC_Os08g37800,SnRK1B|OsK4 
LOC_Os03g22810,SodCc7 
LOC_Os04g01160,SOR1 
LOC_Os11g12740,SP1 
LOC_Os06g05160,SPDT 
LOC_Os06g39650,sped1-D 
LOC_Os03g60110,SPIN1 
LOC_Os07g46450,SPIN6 
LOC_Os10g39420,SPK 
LOC_Os12g38210,SPL11 
LOC_Os01g50770,SPL28 
LOC_Os07g10390,spl5|SF3b3 
LOC_Os05g45410,Spl7 
LOC_Os06g41990,SPP 
LOC_Os01g69030,sps1|SPS|OsSPS1 
LOC_Os03g59040,SQS 
LOC_Os07g01240,SRL1 
LOC_Os03g19520,SRL2|AVB|NRL2 
LOC_Os05g06280,SRS3|OsKINESIN-13A 
LOC_Os12g07950,SRT702|Sir2 
LOC_Os08g38880,SRWD1 
LOC_Os02g48964,SRWD2 
LOC_Os06g07540,SRWD3 
LOC_Os08g31560,SRWD4 
LOC_Os03g26870,SRWD5 
LOC_Os02g10920,SRZ1 
LOC_Os03g19080,SSD1 
LOC_Os01g08420,SSG4 
LOC_Os02g51070,SSIIB 
LOC_Os10g30156,SSIIC 
LOC_Os01g55974,ST2 
LOC_Os06g48060,STAR1 
LOC_Os05g02750,STAR2 
LOC_Os05g47560,Stn7 
LOC_Os09g23640,STR1 
LOC_Os07g09384,STR2 
LOC_Os04g57890,Stt3a 
LOC_Os09g11480,Sub1B 
LOC_Os09g11460,Sub1C 
LOC_Os05g48060,SUI2 
LOC_Os01g49020,SUI3 
LOC_Os07g38070,SYMRK 
LOC_Os09g35980,TAC1 
LOC_Os03g51660,TAC3 
LOC_Os12g33610,TAM1|OsPAL9 
LOC_Os10g33780,TAW1 
LOC_Os10g28600,TCD10 
LOC_Os05g34040,TCD5|CSV1 
LOC_Os09g38980,TCD9 
LOC_Os05g34460,TCM5 
LOC_Os08g04540,TDC1 
LOC_Os07g25590,TDC2 
LOC_Os08g04560,TDC3 
LOC_Os04g38950,TDD1|OASB1 
LOC_Os02g02820,TDR 
LOC_Os06g41850,TGW6 
LOC_Os01g54810,THIS1 
LOC_Os11g14220,TID1|SRS5 
LOC_Os01g18870,TIP2|bHLH142 
LOC_Os03g02200,TK 
LOC_Os03g46070,TLP|PR5 
LOC_Os02g12290,TMS5 
LOC_Os11g04020,TOM1|OsZIFL4 
LOC_Os11g04030,TOM2 
LOC_Os11g04104,TOM3 
LOC_Os12g43440,TOND1 
LOC_Os08g06050,TOP6A2|OsTOP6A2 
LOC_Os01g05490,TPI 
LOC_Os08g36790,TRAB1|OsbZIP66 
LOC_Os03g13010,TUD1|DSG1 
LOC_Os01g56380,TYDC 
LOC_Os09g27930,UbL401 
LOC_Os03g15370,UbL402 
LOC_Os09g31031,UbL404 
LOC_Os03g13170,UBQ 
LOC_Os07g36460,Udt1 
LOC_Os05g49050,UreG|OsUreG 
LOC_Os05g28740,UspA 
LOC_Os07g16150,UTR319 
LOC_Os03g16980,UXS 
LOC_Os01g62020,UXS-4 
LOC_Os03g20460,v2 
LOC_Os01g46980,v-ATP-E 
LOC_Os03g24220,VLN2 
LOC_Os08g19320,Vsl1 
LOC_Os07g48229,VSR3|OsVSR3 
LOC_Os03g29810,VYL 
LOC_Os07g06970,WAF1|OsHEN1 
LOC_Os10g33250,WDA1 
LOC_Os11g48070,WDL1 
LOC_Os01g54540,WLP1 
LOC_Os07g48560,WOX11 
LOC_Os07g06940,WP1|OsValRS2 
LOC_Os05g39720,WRKY70 
LOC_Os07g48830,wsi76 
LOC_Os01g37870,WSL 
LOC_Os06g39750,WSL1 
LOC_Os04g40730,WSL3 
LOC_Os03g12030,WSL4 
LOC_Os04g51280,WSP1 
LOC_Os06g04200,Wx 
LOC_Os04g53120,Xa1 
LOC_Os11g37620,XA10 
LOC_Os11g35500,xa21 
LOC_Os12g29220,Xa25 
LOC_Os11g47210,Xa26|Xa3 
LOC_Os06g39810,Xa27 
LOC_Os05g01710,Xa5 
LOC_Os03g60650,XB15|PP2C 
LOC_Os01g56470,XB24 
LOC_Os05g02130,Xb3 
LOC_Os04g48760,XIAO 
LOC_Os02g34790,XIK1 
LOC_Os02g35450,XRCC3 
LOC_Os05g23350,XYH 
LOC_Os04g47240,YDA1 
LOC_Os05g28200,YGL1 
LOC_Os11g05552,YGL138(t) 
LOC_Os01g73450,YGL8 
LOC_Os08g03640,YK704 
LOC_Os02g05890,YL1|YS83 
LOC_Os09g21250,YLC1|OsV5A 
LOC_Os03g40020,YSA 
LOC_Os04g59570,YSS1 
LOC_Os09g35700,YY1|OsLTPc2|LTPL45 
LOC_Os04g37960,ZEP1 
LOC_Os03g60570,ZFP15 
LOC_Os07g07350,ZFP177 
LOC_Os01g62190,ZFP179 
LOC_Os03g60560,ZFP182|ZOS3-21 
LOC_Os02g10200,ZFP185 
LOC_Os07g39970,ZFP245 
LOC_Os12g39400,ZFP252|RZF71 
LOC_Os01g66690,ZIP4|SPO22 
LOC_Os06g02580,ZN 
LOC_Os08g40560,ZOS8-11 
